,VB,VBG,VBD,RBR,VBN,VBP,JJ,IN,VBZ,DT,CD,MD,RP,NN,TO,UH,RB,NNP,NNS,PRP,WRB,PRP$,CC,WP,JJR,NNPS,JJS,$,FW,PDT,WDT,WP$,RBS,POS,EX
0,9,5,21,1,4,38,36,30,7,5,16,1,20,111,5,20,30,161,15,31,,,,,,,,,,,,,,,
0,10,12,27,,6,43,63,17,5,4,17,,1,180,1,5,7,140,26,32,3,7,2,2,1,,,,,,,,,,
0,5,3,21,,4,32,31,8,4,2,7,,32,128,1,,12,90,18,17,2,2,4,,,,,,,,,,,,
0,6,11,27,,3,34,36,16,3,2,11,,2,103,1,,19,86,22,32,10,2,3,,1,,,,,,,,,,
0,5,3,20,,4,34,31,8,4,2,5,,32,127,1,,11,88,18,18,2,1,4,,,,,,,,,,,,
0,2,1,20,,8,17,48,8,9,5,4,,1,83,1,,12,57,10,21,2,2,,,2,1,1,,,,,,,,
0,10,,10,,,17,30,19,3,3,13,5,1,83,1,,4,91,9,17,,1,,,4,,,1,1,,,,,,
0,16,6,29,,8,22,46,10,2,8,10,1,,72,4,,25,61,14,43,,1,5,1,,,,,,,,,,,
0,10,,26,,3,63,49,15,1,3,5,1,,188,2,,18,91,18,49,1,3,14,,,,,,1,2,,,,,
0,10,,24,,2,27,35,13,4,3,31,1,,121,2,2,14,92,13,22,,,1,1,,,,1,,,,,,,
0,7,14,9,,1,17,20,4,5,3,14,2,,110,3,,9,99,8,13,,1,2,,,,,,,,,,,,
0,1,,43,,3,13,27,4,1,3,7,,,91,1,,3,102,12,15,,,3,,,,,,,,,,,,
0,4,18,20,,8,38,55,28,2,2,13,3,3,120,1,,12,89,18,37,,1,2,,,1,,,,,1,,,,
0,6,,16,1,2,12,46,8,7,6,21,2,,152,1,,9,151,10,16,,10,3,,,,,,3,,1,,,,
0,24,1,59,,6,52,88,33,7,4,4,4,3,211,1,1,19,131,32,86,1,2,24,,4,,,,2,,,,,,
0,12,2,4,,8,39,53,6,4,2,2,1,1,124,2,,3,69,7,28,,3,2,,,,,,,,,,,,
0,3,10,12,,3,21,20,5,1,2,11,,1,63,1,,11,76,12,23,,4,4,,,,,,,,,,,,
0,6,7,21,,3,26,48,17,2,1,6,1,,119,1,1,8,97,15,18,,,1,,1,,,,1,,,,,,
0,14,3,20,,10,55,85,23,5,3,12,2,1,134,4,,12,96,42,44,2,3,,,1,,1,,2,,,,,,
0,18,3,36,,5,56,87,29,5,3,69,6,3,199,1,2,25,130,27,63,1,3,13,,2,1,,2,2,,,,,,
0,11,,24,2,4,32,54,14,4,4,4,1,5,100,1,2,12,90,16,26,1,2,3,,,1,,,,,1,,,,
0,24,31,16,,,41,52,22,2,6,16,3,,108,3,,10,82,19,38,,1,6,,,,1,,,,,,,,
0,5,,13,,,22,33,9,4,4,5,2,,143,1,,10,102,36,22,2,,1,1,,,,,,,1,,,,
0,5,5,6,3,1,17,10,19,2,3,4,,1,61,1,,4,45,5,14,,1,,,,1,,,,,,,,,
0,9,4,17,,2,26,34,15,1,1,8,,1,116,6,,13,89,26,32,,,1,,1,,,,1,,,,,,
0,6,,26,,3,36,35,16,10,5,8,2,,110,1,,7,113,24,41,,1,4,,,3,,,1,,,,,,
0,1,,,,1,,,4,,3,2,1,,1,1,,,20,,1,,,,,,,,,,,,,,,
0,6,6,7,,4,15,42,8,3,1,28,1,,62,1,,9,110,10,21,,3,3,,,,,,1,,,,,,
0,3,2,11,,1,57,31,7,4,4,2,,,78,1,,10,57,11,50,1,2,1,,,,,,2,,,,,,
0,3,2,14,,3,13,57,8,4,9,19,,,135,2,,4,71,14,39,,,2,,1,,,,,,,,,,
0,6,2,6,1,4,24,36,15,1,3,4,1,,37,1,,7,58,18,23,,2,,1,,,,,1,,,,,,
0,2,15,1,,1,40,30,5,2,1,7,,1,123,2,,2,89,6,38,,5,1,,,,,,,,,,,,
0,6,,8,,1,24,16,11,15,4,12,2,,124,1,,11,133,6,19,,,21,,1,,,,1,,,,,,
0,,,,,,2,1,4,,1,2,,,,1,,,20,1,2,,,,,,,,,,,,,,,
0,,,,,,,1,4,,1,4,,,1,1,,1,23,1,1,,1,,,,,,,,,,,,,
0,11,,15,,2,23,48,22,1,2,6,,,47,1,,5,56,20,19,,,1,,,,,,,,,,,,
0,,,,,,,1,3,,2,2,,,,1,,,25,,,,,,,,,,,,,,,,,
0,,,,,,,1,3,,2,2,,,,1,,,25,,,,,,,,,,,,,,,,,
0,9,,14,,3,22,39,7,3,8,16,2,1,135,1,1,5,85,22,10,,4,,,,,,,,,1,,,,
0,13,20,9,,2,26,46,21,1,2,6,1,,86,1,,4,77,11,17,1,1,3,2,,,,,1,,,1,,,
0,5,7,10,,4,42,76,12,,5,7,1,,86,1,,7,68,9,46,2,,,1,,5,,,,,,,,,
0,,,,,,,1,3,,1,2,,,,1,,,23,1,1,,,,,,,,,,,1,,,,
0,10,10,14,,2,17,25,10,2,1,13,,1,73,3,,13,60,7,13,1,,5,,,,,1,,,1,,,,
0,,,,,,,1,4,,1,4,,,1,1,,1,23,1,1,,1,,,,,,,,,,,,,
0,7,1,46,,2,12,14,6,2,9,103,,4,61,1,,5,104,6,11,,1,,,,,,,,,,,,,
0,20,,16,,2,22,22,15,4,4,19,2,1,63,1,,13,64,18,23,6,3,5,1,,,,,,,,,,,
0,,,,,,1,1,5,,1,3,,,,1,,,25,,1,,,,,,,,,,,,,,,
0,4,14,17,,1,20,9,8,2,8,10,1,1,120,1,,2,96,46,10,,,9,,,,,1,,,,,,,
0,8,10,16,,3,12,45,15,2,2,12,,2,70,1,,16,70,12,10,,,1,,,,,,,,,,,,
0,5,3,20,,5,33,31,8,4,4,5,,32,128,1,,11,88,17,17,2,1,4,,,,,,,,,,,,
0,1,,5,,,34,36,5,2,4,4,,1,24,1,,22,87,6,10,,1,,,1,,,,,,,,,,
0,,,,,,,1,3,,2,2,,,,1,,,25,,,,,,,,,,,,,,,,,
0,3,1,23,,33,27,20,11,2,4,3,,,37,2,,23,77,10,25,,1,1,2,,,,,,1,,,,,
0,,,,,,1,1,5,,1,3,,,,1,,,25,,1,,,,,,,,,,,,,,,
0,8,12,17,,10,29,36,11,2,1,17,2,4,77,2,,11,139,15,31,,1,,,2,,1,,,,1,,,,
0,1,1,4,,,4,8,6,3,1,3,,,10,1,1,1,32,2,6,,,,,,,,,,,,,,,
0,,,,,,,1,4,,1,3,,,,1,,1,21,1,,,,,,,,1,,,,,,,,
0,12,17,14,,3,17,18,20,3,5,30,,,75,7,,7,75,8,21,1,,1,1,,,,1,1,,,,,,
0,,,,,1,,,3,,2,2,,,,1,,,24,,,,,,,,,,,,,,,,,
0,2,4,6,,,16,33,5,2,3,6,,,35,4,,5,60,18,5,2,,2,,,,,,,,,,,,
0,,,,,1,,,3,,2,3,,,,1,,,24,,,,,,,,,,,,,,,,,
0,10,4,28,,,48,60,12,10,5,22,1,2,185,2,,11,134,45,31,1,5,,1,,,,,,,,,,,
0,4,16,40,,3,23,71,12,5,2,37,,1,109,1,,18,97,44,27,1,,1,1,,,,,1,,,,,,
0,,,,,,,1,3,,1,3,,,,1,,,24,1,,,,,1,,,,,,,,,,,
0,,,,,1,,,3,,2,2,,,,1,,,24,,,,,,,,,,,,,,,,,
0,37,,25,,19,48,66,30,3,2,16,,6,237,10,1,38,99,9,18,,2,5,2,,,,,,,,,,,
0,16,1,25,,3,19,41,12,4,7,10,1,1,75,4,,12,104,18,18,,1,7,2,1,,,,,,,,,,
0,16,2,8,,2,35,38,34,4,7,21,2,2,86,2,,16,153,33,20,,3,25,2,3,,,1,9,,1,,,,
0,21,,13,,24,33,37,7,7,2,14,,,84,3,,31,144,12,6,,,7,1,,,1,,,,,,,,
0,18,,12,,7,34,41,17,4,5,18,3,1,143,3,,10,111,13,23,,8,11,,2,,,,1,,,,,,
0,16,,15,,3,45,30,10,4,5,10,,3,95,2,,25,114,19,34,,2,8,2,,,1,,,,,,,,
0,25,10,16,,2,23,49,15,4,7,19,1,2,106,3,,21,143,11,23,1,6,15,1,,,,,,,1,,,,
0,10,3,7,,2,38,58,28,26,7,9,,2,113,3,,13,151,9,19,,3,10,1,1,,,,2,,,,,,
0,10,1,7,,1,15,10,11,3,8,7,2,2,35,3,,8,109,4,20,1,,1,1,,2,,,,,,,,,
0,8,1,11,,3,18,33,8,3,3,7,,3,50,2,,17,75,9,14,1,,3,,,,,,,,1,,,,
0,47,,6,4,5,19,84,14,4,5,11,,1,233,36,,14,52,8,11,3,2,2,,,,,,,,,,1,,
0,21,,13,,24,33,37,7,7,3,14,,,84,3,,31,144,11,6,,,7,,,,1,,,,,,,,
0,28,20,25,2,4,33,54,19,8,2,16,10,,150,4,,28,67,33,31,,3,3,1,2,,1,,1,,,,,,
0,47,,7,4,4,18,83,14,4,3,12,,1,234,36,,16,51,9,12,3,3,2,,,,,,,,1,,1,,
0,6,11,21,1,4,25,39,9,,5,7,,,70,2,,3,59,13,14,,,1,1,,,,,,,,,,,
0,26,6,6,1,3,30,32,12,6,4,8,4,3,78,6,,26,91,10,29,1,1,11,3,3,,,,1,,,,,,
0,24,1,34,,7,60,63,25,9,11,15,6,5,130,5,1,27,113,42,59,1,9,31,,3,,3,,3,,1,,1,,
0,2,2,9,,,6,10,8,3,4,7,,1,22,2,,2,97,5,8,,1,2,4,,,,,,,,,,,
0,7,,3,,2,18,18,13,4,4,14,,,33,2,,9,64,14,7,,1,4,1,1,,,,,,,,,,
0,12,,18,,4,22,39,13,12,4,11,,,93,3,,23,93,34,11,,2,9,,,,,,2,,,,,1,
0,10,1,16,1,8,20,22,14,3,3,11,,2,71,3,1,13,91,14,17,,5,13,,1,,1,,1,,1,,,,
0,15,,8,,1,27,33,17,5,8,16,,,72,2,,16,104,9,22,,7,6,,,,,,,,,,,,
1,13,10,19,,6,26,44,17,2,3,1,5,3,35,1,,23,32,19,26,1,1,14,1,,,1,,,,,,,,
1,3,2,24,,1,23,25,9,1,,2,,2,53,1,,13,58,4,21,,15,12,1,,,,,,,,,,,
1,9,2,3,,4,24,10,3,2,5,4,2,,11,1,,14,35,4,25,1,,10,2,,,,,,,,,,,
1,18,7,31,,12,11,37,28,6,3,7,,,22,20,,12,53,26,12,,3,6,1,1,,,,,,,,,,
1,10,9,5,,2,13,20,5,3,,2,2,,31,2,,9,47,15,13,,,10,1,,,,,,,1,,,,
1,15,7,15,,1,15,11,9,4,1,10,,1,17,2,,8,51,5,26,1,1,2,1,1,,,,,,1,,,,
1,14,4,10,,4,13,17,8,8,8,6,1,1,52,6,,19,46,2,17,,4,10,1,,,,,,,,,,,
1,40,4,18,,2,15,16,12,9,5,,1,2,60,3,1,6,36,7,46,1,2,12,1,4,,,,,,,,,,1
1,15,1,18,,5,14,58,4,3,1,1,1,4,33,1,,10,43,44,11,,,3,1,,,1,,,,,,,,
1,6,14,11,,6,27,25,14,7,4,1,1,1,40,2,,20,34,21,25,,,10,1,1,,,,,,1,,,,
1,1,6,28,,,16,8,22,,,1,,1,40,3,,4,42,8,18,,,1,1,,,2,,,,,,,,
1,2,1,5,,1,5,3,5,1,,2,,2,9,1,,2,24,4,8,1,1,1,1,,,,,,,1,,,,
1,51,1,7,,2,27,15,16,4,1,,5,1,35,1,,18,36,7,16,1,,7,1,,,,,,,,,,,1
1,12,15,7,,2,22,22,4,2,,1,,,47,4,,21,35,6,20,,,8,1,,,,,1,,,,,,
1,31,5,4,,,27,32,5,3,1,1,4,,26,3,8,6,62,16,25,,1,4,1,,,3,,,,,,,,
1,6,8,5,,2,10,22,9,5,7,1,4,,60,1,,25,39,16,4,4,3,1,1,,,,,,,,,,,1
1,10,,6,,4,39,28,16,,3,3,1,,34,1,,8,34,14,31,4,2,1,1,,,1,,,,,,,,
1,3,14,12,,2,10,19,8,2,1,3,,2,49,1,,12,37,3,14,3,1,8,2,,,,,,,,,,,
1,13,9,2,,,25,17,9,3,4,,,1,39,6,,19,42,6,21,,1,1,1,,,,,,,,,,,
1,7,25,17,,1,18,30,8,9,2,1,,,34,2,,10,44,12,34,,4,12,1,,,,,,,,,,,
1,6,4,9,,1,6,9,4,3,1,4,,,43,4,,7,44,,12,3,6,4,3,,,,,,,,,,,
1,7,35,10,,6,12,35,7,3,5,1,,2,70,4,,9,44,11,10,,2,3,1,,,,,,,3,,,,
1,3,4,16,,8,21,31,8,3,3,,2,,60,1,4,15,40,15,29,,,7,1,,,,,,,,,,,
1,9,6,2,,3,17,21,7,20,4,1,,4,45,2,,22,44,14,7,,3,4,1,,,3,,,,,,,,
1,7,10,10,,2,19,23,5,2,,2,,,36,2,,11,48,6,22,,2,4,2,2,,,,,,,,,,
1,4,3,2,,,29,15,9,,1,2,,1,8,1,,5,38,7,36,1,3,2,8,,1,,,,,,,,,
1,24,5,12,,5,12,20,5,4,2,7,,,36,1,,7,41,14,11,,1,3,1,,,,,,,,,,,
1,12,9,24,,1,10,33,2,3,,5,,,67,3,,7,58,17,22,,,2,3,4,,1,,,,,,,,1
1,21,4,14,,4,53,14,6,3,4,,1,,44,14,,18,45,14,26,1,1,3,1,,,1,,,,,,,,
1,4,20,9,,5,36,29,16,19,5,2,1,1,21,1,,19,53,14,28,,4,4,1,,,,,,,1,,,,
1,9,11,14,,9,15,24,7,3,16,1,1,,54,4,,5,37,6,18,,1,5,1,,,,,,,,,,,
1,11,4,14,,,12,14,6,,3,2,,2,23,7,,11,114,5,18,,1,2,2,,,1,,,,,,,,
1,11,10,8,,,16,36,9,5,5,1,4,2,58,1,,19,62,3,12,,,1,1,,1,,,,,,,,,
1,7,4,13,,,30,16,5,14,3,1,3,2,31,4,,18,37,7,49,1,,2,1,,,,,,,,,,,
1,18,10,7,,2,21,26,2,8,2,8,,2,41,22,,3,57,14,22,,,7,1,,,1,,,,1,,,,
1,1,8,6,3,5,13,9,9,,1,,,,28,1,,25,56,10,8,,,3,1,,,,,,,,,,,
1,11,13,13,,3,10,30,5,1,33,2,,,60,1,,9,41,13,28,,1,8,1,1,1,1,,,,,,,,
1,16,,23,,1,12,75,3,1,3,1,6,5,48,1,4,14,57,43,18,,,5,1,,,1,,,,,,,,
1,9,2,8,,7,7,12,4,2,,7,,,27,3,,13,32,9,5,,7,7,1,,,3,,,,,,,,
1,7,2,12,,5,32,21,12,1,12,5,3,1,34,2,,8,57,11,33,,4,5,2,,,,,,,,,,,
1,12,,18,,,25,10,7,4,9,4,,1,26,2,,17,43,37,23,,,4,1,,,,,1,,,,1,,
1,15,7,14,,2,18,14,7,4,1,11,,1,17,1,,7,50,4,27,,1,2,2,2,,,,,,,,,,
1,5,13,3,,,12,20,5,25,20,1,,,64,1,,6,65,5,6,,1,5,2,1,,,,,,,,,,2
1,3,,4,,1,5,5,5,,2,1,1,,9,1,,3,16,1,9,1,1,2,1,,,2,,,,,,,,
1,1,,,,1,1,1,1,,1,1,,,,1,,,20,,2,,,1,1,,,,,,,,,,,
1,2,6,9,,1,20,27,10,4,,1,,1,28,1,,17,120,3,20,,1,11,1,,,,,,,,,,,
1,28,12,11,,1,15,26,21,1,3,5,5,,75,7,,33,43,7,20,4,6,5,1,4,,4,,,,,,,,
1,26,14,4,,,21,13,9,5,6,4,3,2,46,1,,10,42,24,15,13,5,3,1,2,,,,,,1,,,,
1,5,4,1,,11,18,18,14,1,1,2,,,16,1,,5,41,12,13,,,1,1,,,,,,,,,,,
1,4,4,15,3,4,21,11,14,3,2,,1,,40,2,1,12,36,18,14,,1,1,1,,,1,,,,,,,,
1,8,12,6,,2,14,17,9,2,8,1,,4,50,5,,9,38,6,15,,2,10,1,,,,,,,,,,,
1,8,20,8,3,11,11,10,2,3,7,3,,,33,1,,31,37,25,16,,,2,1,1,,,,,,,,,,
1,6,7,6,,1,23,11,6,3,3,2,,,29,1,1,14,37,8,14,3,,2,1,,,,,,,,,,,
1,6,17,10,,4,19,23,13,3,7,7,2,1,54,2,5,10,58,8,21,1,,1,1,,3,1,,,,,,,,
1,10,13,8,,2,5,26,6,11,,1,,3,26,2,,4,46,18,4,4,3,2,3,,,,,,,3,,,,
1,14,5,7,,2,40,29,10,6,7,3,,7,39,1,,31,40,11,25,,,1,1,,,,,,,,,,,
1,5,1,6,,6,20,33,6,10,2,1,,,52,1,5,10,33,6,17,,3,5,1,,,,,,,,,,,
1,14,6,9,,,30,18,14,6,4,,9,,31,1,,19,43,16,32,,,5,1,1,,,,,,1,,,,
1,8,7,11,,2,19,17,5,3,,3,,,44,5,,15,42,4,25,,8,5,1,2,,,,,,,,,,
1,20,1,,,2,22,43,8,,,1,2,,57,2,8,18,42,12,14,1,7,1,1,,,,,2,,,,,,
1,4,4,4,,3,20,13,2,5,3,1,,,12,1,,5,23,7,38,,1,1,10,,1,,,,,,,,,
1,23,2,17,,5,8,55,3,3,1,1,1,4,39,1,,8,54,40,17,,,3,1,,,1,,,,,,,,
1,4,2,3,,,14,9,8,4,6,,2,,31,1,,9,32,4,21,,,5,1,,,,,,,,,,,1
1,36,1,1,,,42,74,1,1,7,1,1,1,56,45,,3,22,8,54,,,10,1,,,,,,1,,,,,
1,27,5,6,,,28,21,4,3,3,1,1,,25,2,,7,58,13,24,,1,6,1,,,3,,,,,,,,
1,5,10,9,,4,20,25,4,6,3,3,,,33,1,,6,50,9,15,,,5,1,,,,,,,,,,,
1,1,,,,,1,2,1,,,1,,,,1,,,20,1,2,,,1,2,,,,,,,,,,,
1,6,3,2,,,29,12,9,,1,4,,1,8,2,,6,35,8,38,1,3,2,9,,,1,,,,,,,,
1,8,31,4,,1,16,10,2,10,2,1,,1,19,1,,23,53,3,22,6,1,4,1,1,,,,,,,,,,
1,11,1,19,,,19,14,8,5,,1,4,2,22,1,,21,57,14,20,1,3,1,1,,,,,2,,,,,,
1,1,,,,,1,2,2,,,1,,,,1,,1,17,1,2,,,1,1,,,1,,,,,,,,
1,12,5,8,,1,20,17,5,,2,,3,,25,5,,48,52,3,21,,,1,3,1,,,,,,,,,,2
1,5,8,22,2,2,29,14,30,,,1,,,53,1,,3,73,4,16,,,1,1,,,,,,,,,,,
2,8,,,,,23,4,10,,1,1,,,,,,26,27,3,26,4,,,,1,,,,,,2,,,,
2,,,,,,,2,4,,1,2,,,,,,1,19,1,,,,,,1,,1,,,,,,,,
2,7,5,6,,1,17,23,9,3,5,3,2,1,31,,,13,32,7,17,,,,,1,,,,,,1,,,,
2,7,1,12,,5,17,14,13,4,5,2,,,43,,,21,41,9,19,1,1,1,,1,,,,,,1,,,,
2,8,7,1,,3,17,13,16,4,5,4,2,,33,,,10,36,6,17,,1,7,,5,,,,,,,,,,4
2,15,8,11,,3,13,15,8,6,4,3,7,1,52,2,,12,53,7,15,4,2,4,,4,,,,,,2,,,,
2,11,4,6,,6,10,13,10,1,4,2,,,37,,,10,35,2,2,,3,1,,1,,,,,,,,,,
2,15,4,8,,1,13,17,6,6,10,4,5,3,60,3,,12,54,7,12,2,1,5,,4,,,,,,,,,,
2,1,,,,1,,1,4,,3,1,1,,1,,,,18,,1,,,,,1,,,,,,,,,,
2,11,1,7,,3,19,23,16,1,6,22,,,41,2,,14,45,11,14,,,4,4,1,2,1,,,,,,,,1
2,3,15,6,,1,22,19,9,7,1,4,2,,28,,,6,44,26,21,2,3,3,,1,,,,,,,,,,
2,19,8,15,,2,18,40,11,7,10,1,7,4,58,,,15,35,9,19,1,2,10,,1,2,2,,,,,,,,
2,9,2,12,,3,21,21,10,1,1,4,1,2,23,,,15,35,11,28,3,,4,1,1,,,,,,,,,,
2,9,1,4,,5,12,21,6,3,8,1,2,,28,,,3,37,4,5,2,2,5,,1,,,,,,,,,,1
2,7,8,12,1,4,17,36,18,7,7,6,1,1,88,3,,13,53,11,19,,7,11,1,2,,1,,,1,,,,,
2,25,3,13,1,5,44,37,19,8,6,9,,1,105,5,,15,83,20,33,1,3,4,,2,,,,,,2,,,,
2,10,11,13,,7,22,28,9,7,7,1,2,3,66,,,16,48,19,11,,2,3,,2,,,,,,,,,,
2,5,6,2,,2,3,8,11,5,2,4,,,19,,,11,34,9,3,,2,3,,1,,1,,,,1,,,,
2,2,7,7,,1,38,51,15,3,4,6,,2,61,1,,11,129,7,29,,1,6,,1,,,,,2,1,,,,
2,10,5,18,,5,26,31,18,9,15,7,5,,68,1,,8,65,13,18,,8,2,2,1,1,,,,,3,,,,1
2,5,18,6,2,9,27,39,14,,3,7,,,68,1,,26,29,18,11,,3,,,2,1,,,,,,,,,
2,6,5,27,,2,23,81,14,4,6,5,,,48,1,,4,64,19,11,1,,2,,1,,,,,,,,,,
2,4,3,6,,1,38,40,13,16,4,3,2,,55,,,14,42,15,27,1,3,4,1,1,,,,,,,,1,,
2,4,12,23,,7,19,44,14,5,12,6,2,,86,,,23,65,18,26,,,8,,2,,1,,,,2,,,,
2,7,13,11,,9,21,22,9,6,6,9,1,1,66,1,,16,40,14,14,1,8,1,1,3,1,,,,,,,,,
2,11,1,1,,4,14,21,12,6,3,2,2,,58,1,,6,53,6,13,,,3,1,1,,1,,,,,,,,
2,,,,,,,2,3,,1,1,,,,,,1,20,1,1,,,,,1,,,,,,1,,,,
2,4,2,4,,4,10,16,14,4,2,5,,1,37,,,10,37,11,3,,2,1,,2,1,,,,,,,,,
2,3,3,5,,2,12,9,7,,3,2,,1,25,1,1,6,29,2,16,,,2,2,1,,,,,,,,,,
2,4,2,3,,2,7,24,13,1,2,3,,,40,1,,2,23,1,,,3,,,1,,1,,,,,,,,
2,9,7,8,,3,24,52,19,10,9,2,1,,72,2,,26,63,19,15,,4,3,1,2,,1,,,,,,,,
2,8,,40,,1,10,48,5,1,3,2,2,1,52,2,,8,70,8,14,,1,9,,1,,,,,,,,,,
2,5,19,2,1,4,10,16,8,2,3,3,2,1,58,1,,10,60,3,7,,6,4,,1,,,,1,,1,,,,
2,10,11,9,,2,36,37,17,6,2,4,1,2,82,1,,13,61,14,25,,2,5,,3,,,,,,,,,,
2,10,11,21,,4,22,38,5,7,8,2,,1,36,3,,9,37,3,36,2,5,4,,1,,,,,,,,,,
2,2,3,1,,1,3,10,4,1,3,1,2,,13,,,3,38,7,3,,,,,1,,,,,,,,,,
2,8,11,14,1,1,21,31,14,2,5,5,2,,60,1,,15,50,12,15,,3,2,,4,,,,1,,,,,,
2,27,9,9,,1,19,46,10,2,4,2,5,1,54,11,4,3,47,3,22,3,2,11,,1,,,,,,,,,,
2,,,,,,2,2,4,,1,1,,,,,,,18,1,2,,,,,1,,,,,,,,,,
2,8,9,6,,5,22,38,9,3,3,3,,,52,,,6,46,13,15,,4,3,2,1,,,,1,,,,,,
2,8,11,7,,1,26,9,20,2,3,2,2,,33,,,7,45,3,27,,1,4,,2,,,,,,,,,,
2,21,3,2,,1,18,16,9,3,5,2,1,,37,1,,2,49,7,14,4,2,,,1,1,1,,,,,,,,2
2,9,7,6,,1,17,22,9,2,7,1,,,33,,,10,50,20,4,1,,11,,1,,,,,,1,,,,
2,12,1,13,1,1,20,17,6,7,7,6,1,,28,,1,19,36,14,20,,1,3,5,1,,1,,,,,,,,
2,5,12,12,,1,5,27,12,2,6,2,1,,47,,,12,39,13,9,,2,1,,1,,,,,,,,,,
2,,,,,1,,1,3,,2,1,,,,,,,22,,,,,,,1,,,,,,,,,,
2,16,5,11,,10,6,20,11,2,10,9,,,55,1,,9,40,22,1,,17,,,1,,,,,,,,,,6
2,5,1,3,,6,6,10,4,3,1,3,2,,32,,,19,38,4,6,1,6,,,1,4,,,,,1,,,,
2,16,3,1,,3,17,27,15,1,8,2,1,,79,,,9,62,7,15,,10,3,,3,1,1,,,,,,,,
2,10,8,8,,6,9,31,8,5,7,2,1,,57,3,,11,42,6,6,,4,,,1,,2,,,1,,1,,,
2,17,5,8,,3,25,26,14,6,3,6,2,1,56,2,,13,55,10,24,1,3,5,1,1,,1,,1,,,,,,
2,7,2,4,,2,16,15,8,6,7,4,4,,49,,,16,52,11,15,2,2,8,2,1,,1,,,,,,,,
2,20,,12,,2,1,54,13,,1,5,13,2,187,2,,8,70,9,1,,2,,,1,,,3,26,,1,,,,
2,10,4,6,,4,23,25,12,6,4,4,5,1,39,,,17,47,6,17,,,1,1,1,,2,,,,1,,,,
2,,,,,,,2,4,,1,2,,,,,,,21,,,,,,,1,,,,,,,,,,
2,,,,,,,2,3,,1,2,,,,,,,22,,,,,,,1,,,,,,,,,,
2,6,7,9,,5,12,20,14,7,6,2,,,59,,,3,56,19,5,1,2,,,1,,,,,,1,,,,
2,12,5,8,,1,13,26,4,7,4,2,4,1,38,1,,9,39,16,12,,4,1,3,1,1,,,,,,,,,
2,13,2,4,,4,21,26,11,3,10,6,1,,54,1,,15,48,16,10,,2,2,,2,,,,,1,,,,,1
2,11,16,6,,,18,17,10,13,6,11,1,2,67,2,,16,39,11,23,1,3,9,,3,,,,,,1,,,,
2,4,6,12,,1,6,43,7,4,1,2,,,55,,1,11,25,12,1,,,,,2,,,,,,,,,,
2,9,5,8,,7,27,33,13,5,2,4,,,51,,,7,43,37,7,,2,,,1,,5,,1,,1,,,,
2,6,10,9,,3,12,19,7,4,4,2,,1,36,,,16,26,16,4,,6,,1,6,,1,,,,,,,,
2,2,8,6,,,11,17,5,3,1,3,,,27,,,12,24,7,13,,1,,,1,,,,,,,,,,
2,14,5,19,1,5,33,51,12,9,9,4,7,,91,1,,19,57,20,41,2,1,8,,1,,,,,,1,,,,
2,,3,3,,,12,19,7,,6,5,,1,28,,,8,45,18,5,,,,,1,1,1,,1,,,,,,
2,,,8,,10,10,5,4,3,4,4,,,19,,,3,32,7,7,,,5,,2,,1,,,,,,,,
2,5,4,14,,3,13,25,7,8,6,4,,,35,1,,14,45,16,9,,2,1,,3,,,,,,,,,,
2,15,17,12,1,2,11,48,14,6,10,4,2,,64,3,,15,33,17,4,,,,,1,,,,,,1,,,,
2,,,5,,1,7,5,5,1,3,2,,,17,,,3,32,3,7,,2,,1,1,,,,,,,,,,
2,,1,2,,1,5,3,5,1,3,4,,,5,,,,23,,5,,,,1,1,,,,,,,,,,
2,1,,5,,2,20,14,6,1,2,2,,,23,1,1,5,30,5,10,,,1,,1,,,,,,1,,,,
2,14,,10,,1,21,30,9,6,5,7,,,41,1,,10,36,10,21,3,1,2,,1,,,,,,,,,,
2,,,,,1,,1,3,,2,2,,,,,,,22,,,,,,,1,,,,,,,,,,
2,10,10,17,,1,7,25,13,1,6,8,2,,44,5,,9,43,10,11,2,3,,2,1,,,,,,,,,,
2,9,3,1,,5,9,15,8,,6,2,2,,16,,,2,25,9,4,1,5,2,1,2,,,,,,,,,,
2,,,,,,2,2,4,,1,1,,,,,,,18,1,2,,,,,1,,,,,,,,,,
2,3,4,4,,3,6,9,7,1,4,4,1,,27,,,3,41,9,3,,,,,2,,,,,1,,,,,
2,5,,1,,4,9,15,10,1,3,2,3,,31,,,9,33,6,6,1,1,1,1,1,,1,,,,,,,,
2,16,2,4,,6,29,16,19,4,7,1,2,,31,3,1,8,47,13,18,,,12,1,3,,,,,,1,,,,
2,5,5,5,,,13,13,8,1,5,3,3,2,47,,,11,37,9,13,,,,,2,,,,,,,,,,
2,8,4,25,1,5,3,12,15,1,3,2,5,,23,2,,5,31,7,12,,,2,,1,,,,,,,,,,
2,3,5,6,,5,26,12,5,2,2,26,,,21,1,1,9,34,15,8,1,,1,,1,,,,,,,,,,
2,8,1,2,,4,13,15,9,1,1,2,,1,18,,,10,32,8,11,1,1,,,2,,,,,,1,,,,
2,5,18,7,,6,17,10,10,,3,3,1,1,31,1,,5,51,12,14,,1,2,,1,,,,,,,,,,1
2,,8,12,,6,6,17,7,,2,2,,1,25,,,4,41,19,5,,,,1,1,,1,,,,,,,,
2,8,3,,,1,10,13,11,4,3,1,,,26,2,,12,46,3,,,,,1,1,,,,,,,,,,
2,,,,,,,2,4,,1,2,,,,,,,21,,,,,,,1,,,,,,,,,,
2,5,11,7,,3,12,30,11,2,1,5,5,,53,,,10,34,13,15,,1,,1,1,,,,,,,,,,3
2,8,7,1,1,,7,19,4,3,1,1,,,21,,,5,34,13,10,2,,,,1,,1,,,,1,,,,1
2,7,7,4,,1,15,16,6,1,8,2,1,,50,,,4,34,11,8,,,1,,1,,4,,,,,,,,
2,2,1,11,,4,18,19,11,,2,2,,,21,,,18,37,7,10,,,1,,1,,,,,,,,,,3
2,5,2,5,,,6,11,11,3,4,4,1,,47,,,6,57,14,2,,,,,2,,1,,2,,,,1,,
2,2,3,9,1,1,6,16,3,2,3,3,,,42,,,1,22,17,1,,,1,1,2,,,,,,,,,,
2,5,3,9,,5,9,24,10,1,5,3,3,,48,,,8,35,25,3,,,,,1,,,,,,1,,,,
2,9,3,1,,2,15,17,5,4,2,1,1,3,43,,,14,34,5,16,,,,,1,,1,,,,1,,,,
2,3,13,,,3,3,21,7,11,8,1,,,52,,,2,34,8,,3,2,,1,1,,,,,,5,,,,
2,2,1,4,,5,14,16,8,13,2,2,,,31,,,9,35,8,11,,1,3,1,1,,,,,,,,,,1
2,12,7,5,,1,25,25,4,2,5,7,1,1,29,2,,6,38,22,15,,2,,,2,,1,,,,1,,,,
2,2,6,9,,3,7,17,5,6,7,5,1,1,37,,,10,52,19,3,,4,3,1,3,,3,,,,,,,,
2,,7,5,,3,11,12,16,5,4,1,,2,35,,,10,31,8,5,,1,,,2,,1,,,,,,,,
2,3,4,16,,8,7,10,8,2,3,2,,1,49,,,7,53,7,5,3,,,,1,,1,,,,,,,,1
2,4,4,8,,5,17,44,7,6,3,5,2,,44,,,8,54,28,3,,,,1,1,,,,,,,,,,
2,3,10,8,,3,9,22,12,15,2,4,,1,40,3,,7,69,28,7,,,1,,3,,,,,,,,,,
2,9,4,2,,1,11,11,8,3,5,4,6,1,22,,,4,38,10,13,,,2,,1,,,,,,,,,,
2,3,8,4,,6,3,8,7,,3,5,1,,19,,,6,33,9,2,,,,,1,2,,,,,,,,,1
2,3,,,,2,10,16,5,1,2,3,2,,18,,,4,24,6,4,3,1,,,3,,,,,,,,,,
2,3,8,12,,5,6,21,5,2,2,3,2,,60,,,5,37,11,4,,,,,2,,,,2,,1,,,,
2,2,4,11,1,9,9,19,5,4,2,4,,1,34,,,8,25,22,2,,2,,,1,,,,,,,,,,
2,5,3,8,,5,10,16,8,2,6,2,4,,29,,,4,37,14,4,,,,,2,,3,,,,,,,,4
2,,1,5,,2,3,11,8,1,3,2,,,17,,,4,40,3,2,,,2,,1,,,,,,2,,,,
2,3,8,2,,,13,25,5,4,2,2,1,,46,,,8,46,13,17,,,1,,2,,,,,,,,,,
2,7,,,,7,11,23,4,1,3,1,4,,32,,,3,19,3,2,,,,,1,,1,,,,,,,,
2,1,7,5,,4,7,16,6,3,1,2,,,26,,,3,29,24,,,2,,,1,,,,,,,,,,
2,3,9,10,,2,4,16,7,3,2,2,2,,38,,,4,41,11,4,,1,2,,1,,1,,1,,,,,,
2,2,1,7,,5,7,14,5,,2,4,1,,20,,,6,36,9,1,,,,,1,,1,,,,,,,,
2,4,3,5,,2,7,11,8,2,3,2,2,,22,1,,7,27,10,6,,,1,1,1,,,,,,,,,,
2,2,4,6,,2,8,15,3,2,1,2,,,28,,,4,30,5,,,,,,1,,,,,,,,,,
2,2,,10,,4,8,19,10,7,2,4,,,41,1,,6,30,9,9,,2,3,,1,,,,,,,,,,
2,8,1,6,,,2,5,7,6,1,2,1,,41,2,,3,44,2,,,1,3,,1,,,,,,,,,,
2,,2,6,,1,4,12,3,1,1,2,,,16,,,,21,15,,,,,1,1,,1,,,,,,,,
2,2,4,5,,3,4,7,9,6,7,2,1,,22,,,3,28,7,6,1,,,,1,,,,,,,,,,
2,3,1,6,,1,11,11,16,2,2,2,2,1,23,,,10,41,8,8,,3,5,,1,,,,,,,,,,
2,5,5,3,,1,6,6,7,5,2,2,,,14,,,6,25,8,8,,3,4,2,2,,,,,,,,,,
2,2,2,10,,5,8,17,5,2,1,3,1,1,31,,,5,32,7,3,,,,,1,,,,,,,,,,
2,,2,4,,1,11,28,5,1,2,3,,,62,,,1,27,11,4,,1,,,1,,,,,,,,,,
2,10,4,,,5,11,16,15,2,4,5,5,,21,4,,4,40,17,11,1,,4,3,1,,1,,,,,,,,
2,,12,7,,3,3,9,17,4,4,2,,1,19,,,6,42,16,6,2,2,2,,1,,,,,,1,,,,
2,12,2,4,,6,15,17,8,4,3,6,,,28,4,,6,38,8,14,3,4,8,,1,,,,,,,,,,
2,,,2,,1,1,19,4,,1,3,,,44,,,1,22,1,,,1,,1,1,,,,,,,,,,
2,2,6,20,,7,12,23,5,3,6,3,2,,27,,,6,40,27,1,,1,,1,1,,2,,,,,,,,1
2,10,3,1,,5,9,15,9,,8,1,3,,17,,,2,21,8,5,1,5,2,,2,,,,,,,,,,
2,2,8,11,,3,1,14,3,1,1,3,,1,29,,,1,22,20,,,,,,1,,,,,,,,,,
2,3,1,2,,1,8,21,4,1,2,12,,,15,,,4,23,16,2,,,,,1,,,,,,,,,,
2,3,6,5,,2,9,14,6,,1,3,3,,10,,,7,25,11,8,,,,,1,1,,,,,,,,,
2,1,4,2,,5,11,10,5,,1,2,,,10,,,6,21,14,2,,,,,1,,,,,,,,,,
2,1,2,15,,1,9,18,7,6,1,3,,2,12,,,7,34,12,17,11,3,3,,1,,,,,,,,,,
2,,,,,1,,1,3,,2,1,,,,,,,22,,,,,,,1,,,,,,,,,,
2,7,1,11,2,1,,15,5,,4,4,5,,27,,,2,32,7,1,,,,,1,,,,,,,,,,
2,,5,4,,1,4,8,7,,2,2,,,6,,,5,25,4,3,,,,,1,,,,,,,,,,1
2,,,,,,,2,4,,1,2,,,,,,1,19,1,,,,,,1,,1,,,,,,,,
2,4,5,3,,,6,16,7,5,1,3,2,,22,,,5,26,10,2,,,,,2,,,,,,,,,,
2,1,4,1,,4,5,13,6,2,1,1,,,27,,,7,21,6,3,1,,1,,1,,1,,,,1,,,,
2,,,,,,,2,4,,1,2,,,,,,1,19,1,,,,,,1,,1,,,,,,,,
2,4,5,4,,,3,13,4,,2,2,2,,10,,,8,30,1,3,,,1,3,1,,,,,,,,,,1
2,,,,,,2,2,4,,1,1,,,,,,,18,1,2,,,,,1,,,,,,,,,,
2,,,,,,,2,4,,1,2,,,,,,,22,,,,,,,1,,,,,,,,,,
2,5,2,12,,2,6,14,4,4,4,3,2,3,40,,1,1,33,10,4,,2,,,1,,,,,,,,,,3
2,,,,,,,2,3,,1,1,,,,,,1,20,1,1,,,,,1,,,,,,1,,,,
2,,,,,,2,2,4,,1,1,,,,,,,18,1,2,,,,,1,,,,,,,,,,
0,11,8,4,,5,17,10,4,1,2,,1,4,31,7,,6,10,5,14,,12,7,,,,,,,,,,,,
0,8,14,14,,7,17,17,8,3,4,2,,,57,1,,15,31,15,20,3,,5,,,,2,,,,,,1,,
0,9,,3,,,12,14,3,10,,1,,,21,1,,6,30,9,2,7,,7,1,,,3,,,,,,,,
0,25,1,13,,5,16,41,21,5,1,3,,,60,17,,19,40,9,17,,1,4,,,,,,4,,,,,,
0,6,2,4,,2,16,12,4,3,7,,16,,22,1,,28,15,15,31,,,16,2,,,,,,,3,,,,
0,1,7,4,,2,12,14,7,12,4,1,,,44,,,2,16,7,9,4,2,9,,,,,,,,,,,,
0,4,6,4,,2,9,17,2,24,,13,,1,49,,,7,22,16,1,,2,1,,,,,,,,,,,,
0,21,,2,,10,56,16,2,6,,2,,,55,4,1,9,23,,38,7,2,9,14,,,,,,,,,,,
0,5,4,6,,,12,27,1,4,3,,2,,50,1,,5,35,5,9,,5,8,,,,,,1,,,,,,
0,13,4,8,,9,21,19,3,2,1,,1,,49,,4,12,16,16,13,,1,6,,,,,,,,1,,,,
0,14,8,9,,1,18,30,7,6,4,1,,1,66,2,,13,55,16,17,,4,9,,,,,,,,,,,,1
0,9,8,14,,3,8,14,,1,2,4,4,,40,,,10,28,6,17,3,9,4,,,,,,,,,,,,
0,6,9,17,1,1,17,26,4,1,6,17,,4,52,,,11,97,6,17,,,8,,,,,,,,,,,,
0,4,,2,,1,10,1,2,,1,2,2,,7,,,6,13,6,3,,1,6,,,,1,,,,,,,,
0,12,9,4,,3,8,9,7,5,3,,,,54,,,2,43,5,7,1,,3,,,1,,,,,,,,,
0,5,11,8,,,7,11,3,2,1,1,2,1,29,1,,2,32,13,9,3,,5,,,,,,,,,,,,
0,1,,5,1,7,5,21,5,2,,,,,24,,,3,26,2,4,,,7,,,,,,,,,,,,
0,2,,,,1,15,5,5,1,1,,1,,8,,,14,7,2,15,3,,3,,,,,,,,,,,,1
0,2,4,7,,2,9,6,2,2,,7,,,20,,2,5,14,2,12,,,5,,,,,,,,,,,,
0,2,,10,,,12,19,5,2,3,6,1,,25,,,8,17,6,17,,,2,,,,,,,,,,,,
0,6,,5,,5,5,6,2,2,6,4,4,,15,1,,7,10,5,7,,,6,,1,,,,,,,,,,
0,2,2,10,,,5,14,2,1,1,3,,,31,,1,11,9,8,11,,,6,,,,,,,,,,,,1
0,1,2,5,,2,9,8,1,6,,2,,,17,,,3,12,3,10,3,,5,,,,,,,,,,,,
0,2,2,17,,1,3,10,2,1,1,3,,,31,,,2,8,3,17,,,8,,,,,,,,,,,,
0,3,3,3,,1,11,6,4,4,,3,,,29,,,5,13,4,10,,1,7,,,1,,,,,,,,,1
0,5,6,3,,1,7,4,3,2,,2,,1,12,1,,3,8,6,8,,2,3,,,1,,,,,,,,,
0,3,,3,,1,4,8,5,1,,,,1,30,,,1,20,7,5,,,1,,1,,,,,,,,,,
0,4,8,5,,,12,12,13,3,5,,,,53,,,5,40,1,8,,1,1,,,,,,,,1,,,,5
0,18,10,4,,1,6,12,9,4,2,5,11,,29,,,20,8,6,18,,3,,,,,,,,,,,,,
0,10,4,12,2,,22,28,8,4,2,1,,2,53,4,,12,40,30,22,1,1,7,1,,,2,,,,,,,,
0,19,19,12,,10,7,21,6,5,4,3,,1,66,5,,12,46,5,14,,3,,,,,,,,,1,,,,
0,5,15,10,,5,15,14,2,2,,2,1,1,62,,,6,24,6,17,1,,2,,,,2,,,,,,,,
0,12,7,6,1,5,10,30,1,3,2,14,,,71,1,,5,42,6,2,2,,1,,1,,4,,,,,,,,
0,9,2,4,,,7,18,8,1,1,,3,,86,4,,15,54,9,4,,1,1,,2,,,,,,,,,,
0,26,3,14,,3,36,19,8,8,2,6,,1,91,6,,11,85,22,36,,3,3,,4,,,,,,,2,,,
0,4,,7,,1,4,55,4,6,3,2,,,113,1,,6,47,16,1,,,3,,,,,,,,,,,,
0,11,4,5,,3,16,22,7,2,,2,6,,33,,,8,7,11,14,,,9,,,,,,,,,,,,
0,17,7,7,,1,21,16,3,1,2,2,,,31,12,,18,63,7,12,,2,,,3,,,,,,,,,,
0,15,1,12,,2,8,36,15,2,1,1,9,,46,2,,13,26,17,12,1,4,8,1,,,,,,,3,,,,
0,13,4,3,,1,18,13,14,4,2,2,,,39,13,,17,26,21,9,1,2,8,,,1,,,3,,1,,,,
0,22,3,3,1,1,15,26,2,4,,1,2,2,49,7,,15,23,19,2,1,5,8,1,2,,,,,,,,,,
0,7,,29,,,15,31,4,3,1,4,,12,81,2,,6,66,11,5,,10,1,,,1,,,1,,,,,,
0,15,3,5,,1,14,19,11,6,,1,,4,85,12,,,27,10,10,,,3,,,,,,,,2,,,,
0,1,7,15,,2,5,20,7,3,1,3,,,53,,6,6,32,16,5,,,,,,,,,,,,,,,
0,6,9,7,,2,12,28,6,3,3,,,1,59,,,13,27,26,22,,1,1,,,,,,,,,,,,
0,16,23,15,,4,15,27,3,4,4,2,,,55,5,,7,16,9,36,1,2,18,,,,,,,,,,,,1
0,4,8,3,,3,28,32,4,1,1,,,,54,1,,11,36,15,9,3,5,2,,,,,,,,,,,,
0,5,24,12,2,1,22,33,1,2,7,,1,3,58,,,13,34,30,14,3,2,,,2,,,,,,,,,,
0,19,6,5,,2,53,37,2,5,,1,,,52,13,,12,13,7,42,,3,12,,,,,,,,1,,,,
0,12,11,1,,1,29,29,16,4,,,,,18,1,3,16,13,9,21,,,4,,,,,,,,,,,,
0,14,5,12,,6,38,33,21,8,,1,5,1,60,,,19,14,24,42,6,7,10,,,,,,,,,,,,
0,8,6,15,,,17,29,11,7,6,3,1,,55,3,,19,28,11,17,4,4,1,,1,,,,,,,,,,
0,12,4,16,,13,22,27,5,3,1,5,7,4,50,,,12,16,13,22,3,,,1,3,,,,,,,,,,
0,7,8,6,,1,12,13,8,1,10,1,2,3,36,,1,12,22,2,13,,7,3,,,,,,,,,,,,
0,13,,6,1,,14,24,8,2,1,1,9,,43,,,12,32,7,24,,1,4,,,,2,,,,1,,,,
0,5,16,12,1,,5,11,24,8,3,8,,,77,1,,1,62,13,10,,3,2,,,,,,,,,,,,
0,21,,4,,4,12,25,6,2,,1,1,,78,7,,16,1,13,8,,4,1,,,,,,1,,,,,,
0,11,1,1,,1,14,14,5,2,,,7,1,52,1,,11,21,4,18,9,,5,,,,,,,,1,,,,
0,7,12,7,1,10,25,24,11,,4,5,5,,49,,,13,36,2,22,,,1,,,,,,,,,,,,
0,12,6,6,,4,45,20,7,4,2,2,2,2,45,2,,10,38,3,36,4,1,11,,4,,,,,,,,,,
0,5,4,12,,5,27,27,7,2,3,2,,5,80,4,,5,37,12,17,,,2,,,,,,2,,,,,,
0,11,6,6,,4,45,20,7,4,3,4,2,2,44,2,,10,48,3,36,4,1,11,,4,,,,,,,,,,
0,14,1,6,1,,13,22,7,5,4,4,11,1,46,,1,12,68,8,27,,1,6,,,,2,,,,1,,,,
0,6,5,8,,1,10,10,2,4,,7,,,30,,,6,31,8,9,,4,4,,,,,,,,,,,,
0,1,5,3,,3,12,6,5,1,18,5,,,46,,,9,18,9,14,2,1,2,,,,,,,,,,,,
0,2,10,6,,1,6,9,7,3,4,,,,37,1,,3,35,11,3,6,,2,,1,,,,,,,,,,
0,7,10,8,,,15,17,3,2,3,7,,,22,1,,9,21,8,19,,3,4,2,1,,,,,,,,,,
0,5,7,5,,4,17,19,8,5,9,4,,,36,,,11,17,7,13,4,2,7,1,,,,,1,,,,,,
0,8,7,5,1,1,16,6,2,,,,,,27,,,10,27,2,10,,,,,,2,,,,,,,,,
0,2,6,5,,,14,13,24,8,,3,,,35,,,12,8,12,8,,,3,,,,,,,,,,,,
0,4,3,9,3,1,14,22,11,8,,3,,,40,2,,12,30,15,14,2,,3,,,,,,,,,,,,
0,,7,1,,3,2,6,3,4,4,,,,37,,,1,17,6,5,1,,,,,,,,,,,,,,
0,4,5,,,,23,7,2,7,1,,2,,46,1,,1,5,9,21,,,10,,2,,,,,,,,,,
0,9,,1,,1,18,17,4,5,3,1,1,,20,,,7,12,10,17,,1,4,,,,,,,,,,,,
0,,,3,,2,28,6,20,,1,,,3,41,,,2,17,3,7,,,2,,,,,,,,,,,,
0,4,2,,,,24,18,1,3,3,1,,,22,,,10,1,2,24,,,,,,,,,,,,,,,
0,4,1,3,,,10,9,4,4,,1,,1,25,,,7,29,4,7,,1,1,,,,,,,,,,,,4
0,3,6,3,,,14,25,,,4,2,,,32,3,1,7,28,12,14,,1,7,3,,,1,,,,,,,,
0,1,2,5,,1,15,13,4,3,,1,,,26,,,12,22,14,11,1,1,1,,,,1,,1,,,,,,
0,3,6,2,,,11,10,6,4,3,,,,39,,,6,45,34,5,1,3,3,,,,,,,,,,,,
0,,11,9,,,1,7,5,,,,,,35,,,2,12,3,1,3,7,3,,,,,,,,,,,,
0,6,2,8,,1,7,7,7,8,4,,,1,26,,,8,32,17,5,,,1,,,,,,,,,,,,
0,13,1,2,,,7,9,1,4,4,,1,,18,5,,1,12,9,2,,2,4,,,,,,,,,,,,
0,4,12,10,,4,14,30,5,6,4,2,,,43,2,,13,25,6,9,,6,,,1,,,,,,1,,,,
0,6,5,8,,1,10,10,2,4,,7,,,30,,,6,30,8,9,,4,5,,,,,,,,,,,,
0,5,4,1,,1,6,17,2,2,,,,2,19,,,9,12,4,9,1,2,8,,,,,,,,,,,,
0,6,7,10,,,13,22,,,2,,,,8,,,5,26,17,12,3,,7,,,,,,,,,,,,
0,3,,20,,1,11,30,7,7,,3,,,60,3,,16,29,12,8,,1,,,,,,,1,,,,,,
0,7,8,8,1,2,14,13,5,,1,1,1,,27,9,,3,20,14,11,,1,2,,,,,,,,,,,,
0,12,23,10,,,8,11,11,3,1,,,,28,,,16,32,7,5,2,3,,,3,1,2,,,,,,1,,
0,7,8,8,1,2,14,13,5,,1,1,1,,27,9,,3,20,14,11,,1,2,,,,,,,,,,,,
0,8,6,39,,14,13,12,10,,3,5,1,4,43,,,19,13,12,33,,1,3,3,,,,,,,,,,,3
0,3,16,1,,,16,7,5,7,,2,,,48,1,,2,16,30,18,,1,1,,,,,1,,,1,,,,
0,5,5,13,,2,24,15,7,1,7,12,3,3,48,2,,7,27,9,26,3,,1,,,,,,,,3,,,,
0,23,10,5,,1,20,16,7,3,2,,1,,42,2,,27,14,5,18,7,,4,3,,,,,,,,,,,2
0,6,3,5,,2,28,32,9,8,1,,2,,64,2,,12,24,3,28,1,2,6,,,,,,,,,,,,
0,7,22,5,,2,21,40,11,5,6,,1,1,40,3,,15,24,18,27,3,1,10,,,,,,,,,,,,
0,19,5,14,,5,12,20,6,5,4,2,2,,43,3,,14,15,7,17,,5,7,,3,,,,,,,,,,
0,1,10,5,,2,26,19,11,4,2,,,1,35,,1,21,15,2,28,2,3,,,,,,,,,2,,,,
0,4,3,,,1,43,11,4,3,,,,,9,,4,22,8,2,30,,,1,,,,,,,,,,,,
0,9,2,39,,2,7,11,3,1,,3,,,34,,,2,23,20,36,1,1,2,,,,,,3,,,,,,
0,7,5,7,,,4,10,2,1,2,,,,18,,,2,30,6,4,4,,1,,,,,,,,,,,,
0,11,6,9,3,4,28,30,6,8,4,1,2,2,34,1,,12,31,16,17,1,,3,,,,,,,,,,,,
0,9,4,3,,1,16,23,5,1,2,9,4,1,43,,,9,22,7,18,,4,1,,,,,,,,,,,,
0,3,5,6,,4,2,10,13,,1,2,2,1,41,,1,12,35,2,9,,,5,,,,1,,,,4,,,,
0,15,3,1,,1,8,20,1,1,3,3,,2,30,,,9,33,6,8,3,1,6,,,,,,,,,,,,
0,11,10,6,,,12,10,5,2,,4,,6,34,2,,8,46,15,15,,4,9,,,,,,,,,,,,
0,1,15,15,,2,11,21,24,2,2,2,1,,48,1,,11,20,2,19,8,,1,,,,,,,1,,,,,
0,15,,1,,,17,27,5,4,2,3,,,57,4,1,11,28,2,15,,,5,,1,,,,,,,,,,
0,15,7,5,1,,6,43,7,,,4,,,50,14,,7,41,23,5,,,13,,1,,,,,,,,,,
0,7,5,10,,3,20,15,13,13,5,2,2,6,33,3,,6,25,12,19,,3,5,,,,,,,,,,,,
0,4,11,5,,,4,9,5,1,1,,,,47,2,,2,18,6,4,,2,5,,,,,,,,,,,,
0,11,6,1,4,,4,13,12,3,1,1,,1,46,1,,2,29,2,3,2,1,1,,,,,,,,,,,,
0,6,1,3,,,13,9,6,2,,,,,30,6,,4,19,1,12,,3,1,,,,1,,,,,,,,
0,3,11,13,,,18,25,15,5,15,2,,,28,,,14,19,29,7,3,3,4,,,,,,,,3,,,,
0,5,,7,,,12,22,8,,1,1,1,,90,1,,8,37,12,9,1,3,6,,,,1,,,,,,,,
0,4,,7,,,18,24,2,20,3,,,1,39,,,14,42,15,19,,2,,,,,,,,,,,,,
0,23,2,17,,10,14,9,9,8,2,2,1,,55,6,,22,40,13,30,1,,3,,3,,,,2,,,,,,
0,8,,7,,,13,8,11,,2,4,5,,24,,,7,28,17,11,,1,9,1,,,,,,,,,,,
0,7,2,13,,6,19,22,16,2,1,3,1,,43,,,6,27,8,29,,,7,1,1,,3,,,2,,,,,
0,7,6,2,,5,21,14,8,6,1,,1,3,30,4,,11,20,8,17,,,1,,1,,,,,,,,,,
0,28,3,19,,,11,19,5,6,4,4,,,31,8,,8,18,11,13,,5,,3,,,,,,,,,,,
0,7,4,6,2,4,21,12,2,,3,2,,,38,,,11,21,3,9,,2,7,,,,,,,,,,,,
0,2,,7,,,7,7,5,14,14,4,,,45,,,3,19,5,16,,,3,1,,,,,,,,,,,
0,14,,2,1,1,28,23,5,2,1,,7,,32,3,2,4,25,4,20,,1,6,,,,,,,,,,,,
0,9,,15,,1,10,18,11,6,4,,4,3,50,1,,25,27,10,17,1,3,4,,,,1,,1,,,,,,
0,14,,11,,,27,14,9,1,9,,1,,50,6,1,4,25,22,19,,,6,,,,,,,,,,,,
0,10,1,5,,3,13,17,1,,,,15,,23,1,,6,25,5,24,,1,3,1,,,,,,,,,,,
0,10,,6,,4,8,18,12,7,3,4,,1,68,1,,11,38,6,6,,6,6,1,3,,,,2,,,,,,
0,13,,11,,6,12,18,10,11,2,,1,,75,,,16,16,14,30,,12,15,,9,,,,,,,,,,
0,37,3,5,,4,18,38,10,4,,4,,2,67,9,,5,39,9,13,1,8,4,,,,1,,,,,,,,
0,4,,12,,9,30,21,6,5,2,1,,,68,,,15,34,6,29,,4,4,,,,,,,,,,,,
0,7,,21,,4,21,20,11,1,7,,,1,43,2,,10,15,8,28,1,2,5,1,,,,,3,,,,,,
0,3,3,8,,,15,25,10,1,1,2,,3,63,,,14,43,11,7,,9,3,,,,,,,,,,,,
2,8,,,,,11,16,7,,1,,4,,10,1,1,11,13,,14,,4,,1,,,,,,,,,,,
2,12,,30,,1,5,13,6,,,1,,,17,,,11,44,6,9,,,1,,1,,,,,,,,,,
2,4,,4,,,11,12,5,,,2,2,,16,,,6,12,,8,1,,3,,,,,,,,,,,,
2,3,2,,,,7,8,3,3,1,7,,,24,,,2,25,17,4,4,,,,,,,,,,,,,,
2,10,,,,2,11,21,1,,3,,5,,9,,,3,8,3,9,,,3,,1,,,,,,,,,,
2,6,1,,,,7,10,6,1,6,1,1,,18,,,,12,2,6,2,2,1,,1,,,,,,,,,,
2,1,1,,,,1,,,,2,,,,8,,,,12,2,,,,,,,,,,1,,,,,,
2,3,3,,,,3,,,,2,,,,4,2,,2,10,2,2,,,,,,,,,1,,,,,,
2,10,6,6,,4,27,58,8,1,2,,6,,24,1,16,23,32,15,18,,4,1,4,,,,,,,,,,,
2,6,4,6,,3,16,25,8,3,3,,,,46,,1,16,47,11,6,3,,6,,3,,,,,,,,,,
2,4,2,1,,1,38,39,6,8,2,2,1,1,98,1,,2,22,7,21,,,15,,,,,,,,,,,,
2,17,22,1,2,,21,34,4,2,2,,11,,46,,12,17,65,7,20,,6,6,,,1,,,,,,,,,1
2,31,7,25,,18,25,36,1,,1,1,12,10,62,,,13,21,28,31,7,2,2,,5,,,,,,,,,,
2,8,4,6,,,35,27,3,7,,,4,2,32,3,15,13,33,12,25,1,1,7,1,,,,,,,,,,,
2,33,5,3,,,15,28,11,1,3,5,14,,57,,,8,38,6,28,,3,,,1,1,,,,,,,,,
2,5,4,10,,1,8,26,8,2,,4,,,27,,,1,87,11,14,1,1,7,,1,,1,,,,,,,,
2,10,6,5,,1,11,4,15,2,2,,1,,16,1,,6,38,8,15,,,,,,,,,,,,,,,
2,12,7,7,4,1,12,7,3,5,2,9,,,27,,1,4,23,12,22,,1,1,,1,,,,,,,,,,
2,3,2,3,,,18,7,2,,,2,2,1,10,1,,5,9,8,12,1,1,3,1,,,,,,,,,,,
2,9,16,13,,6,12,18,7,9,11,2,3,,72,,1,14,37,21,8,5,5,3,,2,,,,,,3,,,,
2,16,1,6,,,18,4,2,,1,7,,3,12,2,,5,9,10,12,3,4,,,,,,,,,,,,,
2,4,6,,2,,18,12,5,4,1,2,,2,74,,,3,24,8,16,,1,3,1,,,,,,,,,,,
2,10,,3,,6,5,4,2,2,1,6,,,7,1,,3,27,1,5,,,1,,,,,,,,,,,,
2,4,16,3,,2,26,19,6,1,4,,,8,51,,,16,26,31,4,,,9,1,2,,,,,,,,,,
2,7,5,6,,1,29,21,2,3,3,,3,5,25,,,7,30,46,13,,,3,,,,,,,,,,,,
2,8,8,4,,3,7,36,15,2,5,1,2,,33,,1,3,44,11,9,,5,3,,,,,,,,,,,,
2,12,4,4,,1,7,36,,5,32,1,2,,51,,4,4,75,13,4,,,4,,,2,,,,,,,,,
2,8,10,14,,4,35,16,15,2,6,,4,,85,,,15,40,16,20,1,12,6,1,,,,,,,,,,,
2,6,9,4,2,,9,9,4,1,8,4,2,,37,1,,11,15,2,12,,,1,,,,3,,,1,,,,,
2,13,4,19,,2,38,21,10,1,,2,2,6,40,6,,16,71,25,23,1,1,15,,,,,,,,,,,,
2,5,4,7,,1,13,18,10,7,5,3,,1,30,,,14,51,26,7,,,6,,4,,,,,,,,,,
2,11,4,3,,2,18,46,15,2,12,7,,,37,3,,6,28,7,14,,1,8,,6,,,,,,,,,,
2,2,,2,1,4,15,6,11,6,4,2,2,,40,,,6,35,16,12,,,5,,2,2,,,,,,,,,
2,2,,2,,,7,17,1,5,11,,,,23,,,6,19,11,2,,,4,,,1,,,,,1,,,,
2,9,,1,,,15,13,3,2,2,,1,,39,,,10,60,9,,,,,1,,,,,,,,,,,
2,9,8,9,,2,6,14,9,3,10,,10,,13,,,17,6,11,9,8,2,,,,,,,,,,,,,
2,2,9,5,,3,9,13,2,7,9,1,,1,36,,,4,44,3,1,,,,1,1,,,,,,,,,,
2,7,1,7,,1,13,10,2,3,,,,,27,,1,5,18,3,13,,,,1,,,,,,,,,,,
2,6,2,3,,,7,10,2,6,4,,3,,40,1,,9,38,3,3,,,1,,,,,,,,,,,,
2,6,1,3,,2,4,2,4,4,,,,2,35,,,10,35,2,,,,,,1,,,,,,,,,,
2,3,9,2,,2,11,10,,15,1,,,3,10,,,4,29,4,18,,,8,,,,,,,,,,,,
2,,,,1,,2,5,4,,,,1,,39,,,2,54,2,,,,1,,,,,,,,,,,,
2,1,3,4,,1,14,25,4,4,,,,1,40,1,,7,36,4,14,,5,3,,,,,,,,,,,,
2,2,7,1,,,10,7,3,3,6,8,,,28,,,10,25,5,1,,,,,,,,,,,,,,,
2,6,1,3,,3,4,11,11,,5,,,,41,,,6,30,3,6,,5,2,,,,,,,,,,,,
2,6,1,5,,3,12,22,6,4,2,4,1,,73,,,11,84,16,14,,3,,,1,,,,4,,,,,,
2,6,5,6,,1,9,10,3,,2,,4,,21,,,11,9,3,17,3,,1,,1,,1,,,,,,,,
2,4,3,6,,,15,19,10,6,9,3,,1,57,,,17,38,17,10,2,3,1,,,,,,,,,,,,
2,1,7,11,,2,1,4,1,,,,,,8,,,3,6,8,9,,,3,,,,,,1,,,,,,
2,6,,3,2,4,18,15,5,2,3,8,,,19,,,1,12,7,27,1,,3,,1,,,,,,,,,,
2,1,1,9,,,13,5,3,2,,,,,18,1,1,6,9,2,14,5,,,1,,,,,,,,,,,
2,27,3,9,,3,9,24,6,8,9,3,1,1,51,,,17,57,6,10,,,1,,,,,,,,,,,,
2,22,,1,,3,15,18,3,,,2,3,,19,1,,13,33,8,16,,,,,,,,,1,,,,,,
2,10,,7,,2,23,27,7,5,6,6,1,,56,4,,17,47,12,20,,3,4,,1,,,,2,,,,,,
2,19,15,23,1,7,28,47,34,24,7,10,1,3,108,2,,19,107,25,29,1,3,9,,,,1,,18,,,,,,
2,7,3,11,1,5,35,18,3,4,,7,2,2,24,3,,16,43,3,30,,,4,1,,,2,,,,1,,,,
2,11,1,17,,9,37,43,14,10,2,4,1,3,74,,,9,84,18,30,,1,,,6,,1,,1,,,,,,1
2,18,3,5,,,9,13,2,3,,2,,1,13,7,,7,23,10,14,,,1,,3,,,,,,1,,,,
2,5,12,10,,6,14,21,5,6,2,3,,,41,1,,14,44,12,19,,2,4,,,,,,,,,,,,
2,6,9,5,,1,32,34,8,7,4,5,1,,25,1,,5,28,23,21,,1,3,1,,,,,,,,,,,
2,8,23,13,,3,46,32,11,4,3,4,1,5,108,3,,12,68,16,47,,,3,,1,,,,,,,,,,
2,11,,4,,,11,10,,,,,1,,35,9,,5,33,2,9,8,1,,,,,2,,,,,,,,
2,12,21,10,,6,10,35,7,19,1,,1,,62,1,,15,29,19,50,4,5,14,,,4,,,,,,,,,
2,15,11,12,,4,31,41,7,7,,4,1,2,71,,2,19,28,19,24,,7,7,,2,,1,,,,,,,,
2,10,,8,,1,10,11,3,5,,,1,,36,,,2,22,5,21,,,7,,,,,,,,,,,,
2,15,6,10,1,,30,17,10,2,1,4,5,,60,6,,9,22,8,36,,7,11,1,,,,,,,,,,,2
2,13,4,4,,4,37,15,10,3,,3,2,,32,3,,18,41,11,26,,2,26,1,,,2,,,,1,,,,
2,10,2,,,,22,22,4,,,,,,10,29,1,2,17,8,18,4,,2,,,,,,,,,,,,
2,11,21,10,,6,10,33,5,16,1,,1,,71,1,,14,29,23,35,4,5,14,,,,,,,,,,,,
2,10,11,18,3,6,21,16,11,6,5,3,1,,57,1,,22,32,18,20,1,,4,,6,,,,,,,,,,
2,10,1,8,,,14,20,4,2,,1,3,,19,3,,9,29,15,9,,,3,,,,,,,,,,,,
2,13,7,3,,2,19,12,5,3,1,2,,2,22,1,,9,17,8,12,,1,,,,,,,,,,,,,
2,7,16,4,2,1,24,15,2,8,1,1,4,,36,,,28,39,14,18,,1,3,1,3,,,,,,,,,,
2,12,13,3,,,22,13,8,6,2,,6,2,31,,,15,15,16,28,,,9,,,,,,36,,,,,,
2,12,7,3,,6,30,20,10,2,,2,,1,23,,,13,19,20,15,,1,,,,,,,,,,,,,
2,9,8,7,,3,7,17,6,7,1,,1,,37,1,,14,11,7,27,1,2,5,,,1,,,,,,,,,
2,15,23,5,,3,28,22,1,8,3,2,1,,40,2,,8,48,19,27,1,1,13,,1,,1,,,,1,,,,
2,17,22,17,,3,13,34,12,16,1,,1,,72,8,,17,16,25,40,5,6,8,,,5,,,,,,,,,
2,21,14,18,,5,35,33,6,2,5,4,5,3,36,1,,9,27,29,44,5,1,5,1,1,,,,,,,,,,
2,15,21,5,,3,27,19,2,9,3,3,1,,27,2,1,9,33,16,29,3,1,13,,1,,1,,,,1,,,,
2,15,6,10,1,,30,17,10,2,1,4,5,,60,6,,9,22,8,36,,7,11,1,,,,,,,,,,,2
2,16,21,5,,3,44,19,4,5,4,2,1,,32,2,,10,36,20,30,1,1,13,,1,,1,,2,,1,,,,
2,8,10,13,,3,26,25,5,1,3,4,3,2,30,1,,7,14,21,25,3,1,3,,1,,,,,,,,,,
2,6,8,9,2,5,17,15,7,3,5,1,1,,36,,,11,14,12,17,1,,4,,1,,,,,,,,,,
2,15,6,10,1,,30,17,10,2,1,4,5,,60,6,,9,22,8,36,,7,11,1,,,,,,,,,,,2
2,12,7,3,,6,30,20,10,2,,2,,1,23,,,13,19,20,15,,1,,,,,,,,,,,,,
2,12,21,10,,6,10,35,7,19,1,,1,,62,1,,15,29,19,50,4,5,14,,,4,,,,,,,,,
2,15,6,10,1,,30,17,10,2,1,3,5,,59,6,,9,24,8,36,,7,11,1,,,,,,,,,,,2
2,11,5,5,,3,16,9,4,5,4,2,1,,25,2,,10,14,15,16,1,1,9,,1,,1,,,,1,,,,
2,1,2,17,,,29,9,15,6,2,1,,10,29,,,11,34,13,24,6,,9,,1,,,,,,,,,,
2,10,21,5,,3,26,21,2,9,4,3,1,,26,2,,7,33,16,22,3,1,13,,1,,1,,,,1,,,,
2,2,2,,,,22,4,4,,,,,,8,,,2,2,8,16,4,,2,,,,,,,,,,,,
2,2,28,1,,9,16,45,6,5,1,2,1,,21,,,7,54,12,11,2,1,3,,,,,,,,,,,,
2,17,22,17,,3,13,34,12,16,1,,1,,72,8,,17,16,25,40,5,6,8,,,5,,,,,,,,,
2,17,,2,,5,7,14,2,1,,,1,24,22,1,,73,33,4,15,,1,1,1,,,,,,,,,,,
2,14,6,6,,,16,13,7,1,,,3,,29,,,6,20,7,16,1,1,,,,,,,,,1,,,,
2,8,6,12,,,26,18,8,5,2,1,1,1,38,,,14,30,13,20,1,1,5,,1,,,,,,,,,,
2,6,19,2,,2,22,12,7,,,,1,1,41,1,,24,25,3,20,,,3,,1,,,,,,,,,,
2,10,11,4,1,1,23,13,3,1,,2,6,,18,,,10,23,9,33,2,3,,,,,,,,,,,,,
2,16,10,4,,5,23,22,5,,,1,6,,37,,,20,16,7,14,,1,3,,,,,,,,,,,,
2,5,5,1,,2,21,17,3,,,,6,1,15,,,7,9,1,24,,1,,,,,,,,,,,,,
2,8,22,7,,2,12,31,1,1,1,1,,1,40,7,,9,17,1,14,,,,,,,,,,,,,,,
2,12,17,3,,1,22,19,6,,,,6,,23,,,6,22,2,26,,,5,,,,,,1,,,,,,4
2,4,5,5,,1,12,17,9,,1,,,2,42,,,23,19,6,7,,8,8,,,,,,,,,,,,
2,5,15,16,,2,24,14,4,3,,3,1,,29,,,14,34,2,31,1,,2,,,,,1,,,,,,,
2,3,3,5,,5,21,32,6,7,,,,,10,1,,3,16,1,20,1,3,3,,,,,,,,,,,,
2,25,3,9,,4,9,23,5,10,8,,1,1,47,,,18,60,8,10,,,2,,,,,,,,,,,,
2,44,2,8,,,23,19,10,6,7,1,4,,73,3,1,3,56,5,39,,,2,,,,,,,,,,,,
2,6,,4,1,,2,12,8,3,,,,,26,3,,8,41,4,5,,,,,,,,,1,,,,,,
2,15,8,3,,,14,32,8,1,,6,1,,92,2,,7,67,5,9,,,2,,,,,,,,,,,,
2,15,8,3,,,14,32,8,1,,6,1,,92,2,,7,67,5,9,,,2,,,,,,,,,,,,
2,6,2,3,,5,15,9,7,6,5,1,3,,32,,,11,32,7,11,2,1,2,,,,,,,,,,,,
2,5,4,5,,2,9,6,,2,4,,,,20,1,,3,14,19,13,,1,12,,,,,,,,,,,,
2,2,,3,1,1,14,11,,1,,,,1,32,3,,,9,,21,,,,,,,,,,,,,,,
2,3,,,,1,20,14,2,,,3,1,,23,,,1,3,14,,,,,,,,,,,,,,,,
2,8,2,16,1,15,17,22,5,4,4,1,4,2,50,1,1,35,14,10,13,2,,,1,,,1,,,,,,,,
2,13,2,,,3,9,17,3,2,2,,,,50,,,5,2,4,,1,5,,,,,,,,,,,,,
2,10,2,2,3,5,14,16,3,2,,11,1,1,48,,,19,25,6,8,2,,2,,1,1,,,,,,,,,
2,3,1,9,,,10,14,7,2,,,,1,25,,,12,25,5,8,,1,5,,,1,,,,,1,,,,
2,6,,13,,5,7,18,7,8,4,,2,,32,,,4,53,3,16,,,2,,,,,,,,,,,,1
2,3,3,2,,5,21,26,6,10,1,,,,10,,,3,17,1,22,1,3,2,,,,,,,,,,,,
2,3,1,2,,,16,18,1,2,1,2,,,28,,,9,22,3,9,1,1,2,,,,7,,,,,,,,
2,5,1,2,,1,19,20,2,2,1,2,1,1,30,,,10,25,2,13,1,1,3,,,,7,,,,,,,,
2,46,6,10,,,21,11,11,5,1,1,1,1,88,2,2,4,48,8,32,,,4,,,,,,,,,,,,
2,13,12,5,,,12,30,8,1,1,3,,,69,3,1,9,71,5,11,,2,,,,,,,18,,,,,,
2,4,3,3,1,1,7,11,,,,,2,1,30,3,,,10,1,13,,,,,,,,,,,,,,,
2,9,3,1,,2,3,9,1,3,4,,,,30,,,1,18,3,,1,4,,,,,,,,,,,,,
2,5,1,21,,3,18,23,2,6,1,,,,44,4,2,12,34,14,11,,,2,,,,1,,,,1,,,,
2,1,1,,,,11,4,3,,1,2,,,5,,,1,7,10,7,,,,,,,,,,,,,,,
2,1,2,1,,1,48,34,9,,,,,,43,1,,2,32,6,43,,,1,,,,,,,,,,,,
2,4,4,5,,3,9,8,,3,3,,,,23,1,,3,7,21,11,,1,7,,,,,,,,,,,,
2,3,1,1,,,3,4,1,1,1,,,,11,,,1,20,1,5,,,1,,,,,,,,,,,,
2,9,2,4,2,5,11,17,5,1,,11,1,3,37,,,11,31,4,9,2,,2,2,1,1,,,,,,,,,
2,9,2,4,2,5,11,17,5,1,,11,1,3,37,,,11,31,4,9,2,,2,2,1,1,,,,,,,,,
2,15,,4,,17,7,30,7,8,4,,2,,47,,,4,31,3,16,,,2,,,,,,,,,,,,1
2,13,3,10,,,12,29,5,,,10,,,36,4,,8,41,17,16,1,,9,,4,,,,,,,,,,
2,5,1,2,,1,19,20,2,2,1,2,1,1,30,,,10,25,2,13,1,1,3,,,,7,,,,,,,,
2,14,9,3,,,14,30,7,2,,6,,,100,2,2,7,66,5,9,,,1,,,,,,,,,,,,
2,4,3,6,,2,6,6,,3,4,,,,20,1,,2,12,14,11,,1,8,,,,,,,,,,,,
2,4,12,2,,1,3,10,5,6,4,3,,1,34,,,,17,11,,3,3,2,2,2,,,,,,,,,,
2,10,2,8,,,21,10,5,5,2,,,,42,3,1,3,34,5,21,,,3,,,,,,,,,,,,
2,2,,,,1,20,13,3,1,,3,1,,10,,,2,23,15,14,,,1,,,,,,,,,,,,
2,1,,9,,2,13,7,3,3,5,,,,20,1,,7,29,4,16,,,,,,,,,,,,,,,
2,9,3,1,,2,3,10,1,3,4,,,,30,,,1,19,3,,1,4,,,,,,,,,,,,,
2,2,1,7,,,8,14,6,2,1,,,1,28,,,11,25,4,6,,1,5,,,,,,,,2,,,,1
2,6,,4,1,,2,12,8,3,,,,,27,3,,8,45,4,5,,,,,,,,,1,,,,,,
2,15,4,11,,,15,28,5,,,10,,,37,5,,8,46,16,19,2,,9,,4,,,,,,,,,,
2,12,2,4,2,2,13,17,1,1,,2,,1,37,,,14,47,6,11,2,,1,,1,1,,,,,,,,,
2,6,5,17,,2,17,16,2,3,2,,,2,40,4,,8,39,13,9,,,3,,,,1,,,,1,,,,
2,14,12,3,,,12,31,8,1,,4,,,67,3,1,8,72,8,10,,2,,,,1,,,18,,,,,,
2,8,,4,,10,7,24,7,8,4,,2,,40,,,4,25,3,16,,,2,,,,,,,,,,,,1
2,2,,7,,1,1,10,1,1,,1,,,68,,,2,28,5,7,,,,,,,1,,,,,,,,
2,3,,3,1,1,7,12,,1,,,1,1,32,3,,1,14,,14,,,,,,,,,,,,,,,
2,2,,1,,,15,17,1,1,2,2,,,23,,,7,20,2,9,1,1,3,,,,7,,,,1,,,,
2,3,1,9,,,10,14,7,2,,,,1,25,,,12,25,5,8,,1,5,,,1,,,,,1,,,,
2,3,1,2,,,16,18,1,2,1,2,,,28,,,9,22,3,9,1,1,2,,,,7,,,,,,,,
2,2,2,2,,1,43,18,5,,,,,,78,2,,2,4,20,2,,,,,,,,,,,,,,,
2,7,6,22,,3,19,14,2,2,2,,,,52,4,3,10,32,14,12,,,4,,1,,1,,,,,,,,
2,6,,4,1,,,11,5,5,,,,,39,4,,9,49,3,1,,,,,,,,,,,,,,,
2,8,4,5,,8,9,13,3,17,23,23,,1,41,5,,7,24,10,5,2,,6,,,,,,,,,,,,1
2,27,3,11,,3,9,27,5,9,5,,1,,52,,,15,53,7,7,,,2,,,,,,,,,,,,
2,8,2,16,1,15,17,22,5,3,4,1,4,2,50,1,1,35,13,11,13,2,,,1,,,1,,,,,,,,
2,13,2,,,3,9,17,3,2,2,,,,50,,,5,2,4,,1,5,,,,,,,,,,,,,
2,11,2,3,2,2,12,18,3,2,,11,1,1,43,,,15,32,7,10,2,,2,,1,1,,,,,,,,,
2,3,1,9,,,10,14,7,2,,,,1,25,,,12,25,5,8,,1,5,,,1,,,,,1,,,,
2,6,1,20,,2,18,19,2,4,2,,,2,44,5,2,9,31,15,12,,,2,,,,1,,,,1,,,,
2,4,,4,1,,1,7,8,2,,,,,18,1,,5,29,4,4,,,,,,,,,1,,,,,,
2,27,3,10,,3,11,24,5,9,8,,1,1,48,,,17,59,6,9,,,1,,,,,,,,,,,,
2,7,5,5,,8,11,14,3,28,33,33,,1,66,5,2,8,37,11,8,1,,5,,,,,,,,,,,,1
2,3,1,8,,1,39,3,2,5,30,,1,,51,,,3,19,2,15,,,,1,,,,,,,,,,,
2,3,3,,,1,10,12,4,1,2,,,,14,,,10,11,6,3,,,1,,,,,,,,,,,,
2,2,8,3,,,13,11,3,2,1,,1,,15,,,8,5,8,14,,,3,,,,,,,,,,,,
2,10,3,11,,,12,5,8,1,3,,1,1,14,,,4,31,5,20,,2,,,,,,,,,,,,,1
2,9,3,1,,,19,10,7,3,1,,,,40,,,4,15,11,14,11,2,1,,,,,,,,,,,,
2,2,,3,,,6,15,,3,,,,1,24,1,,5,14,2,2,4,,,,,,,,,,,,,,
2,6,1,1,,1,7,7,3,3,1,1,,,28,,,12,14,2,7,,2,2,,,,,,,,,,,,
2,6,1,8,1,,14,11,2,3,1,,,,31,1,,2,25,7,9,,1,,,1,,,,,,,,,,
2,6,,,,,13,7,1,2,,,5,,12,,8,4,23,9,7,3,4,3,,,,,,,,,,,,
2,2,5,7,,2,11,11,10,5,3,1,,,32,,,14,16,10,8,8,1,,,,,,,,,,,,,
2,5,1,3,,3,11,11,1,2,1,,2,,18,,,6,15,6,7,,4,,,1,1,,,,,,,,,
2,7,7,8,1,2,20,20,1,4,,1,1,,59,6,,16,36,3,22,,,3,,,,,,,,,,,,
2,13,9,9,,5,23,31,10,3,1,,1,1,53,7,,9,32,7,28,1,1,5,,,,1,,,,,,,,
2,4,3,10,,1,9,5,1,,,,,,13,,,12,9,3,7,2,,,2,,,,,,,,,,,
2,4,3,4,,3,21,18,6,4,2,2,,,28,2,,7,10,8,18,,1,4,,,,,,,,,,,,1
2,3,6,4,2,,22,24,6,1,,1,1,1,37,,,9,18,5,16,1,1,1,2,,,,,,,,,,,
2,4,6,6,,,16,11,7,2,1,1,,,30,1,,13,10,9,14,,,9,,,,,,,,,,,,
2,3,12,6,4,,18,24,8,1,1,1,1,,35,,,7,16,4,20,1,1,1,1,,,,,,,,,,,
2,6,2,7,,1,28,16,3,2,,2,,,28,,1,10,17,9,27,,,1,,,,,,,,,,,,1
2,3,11,16,,1,14,21,2,10,,,,,47,1,,12,18,9,11,1,6,1,10,,,,,,,,,,,
2,2,6,11,,2,14,26,2,2,,1,,1,29,1,,11,11,9,15,,1,,,,,1,,,,,,,,
2,3,12,6,4,,18,24,8,1,1,1,1,,35,,,7,16,4,20,1,1,1,1,,,,,,,,,,,
2,3,5,6,,1,17,6,6,3,1,3,,,34,1,,4,11,8,6,,2,3,1,,,1,,,,,,,,
2,4,,10,,6,11,11,2,3,2,,,,22,,,11,16,15,17,1,1,2,,,,1,,,,,,,,1
2,,8,8,,1,10,7,4,2,,,,,9,,,,6,23,18,,,,,,,,,,,,,,,
2,14,5,19,,3,34,28,8,6,8,,2,1,38,4,,10,15,16,39,1,1,5,4,4,,,,,,,,,,1
2,3,9,10,,1,14,13,8,,,1,2,2,29,1,,4,13,12,12,2,,,,,,,,,,,,,,1
2,10,2,7,,5,25,25,2,,2,5,2,2,47,,,18,14,5,24,,1,,,,,,,,,,,,,
3,1,6,16,,3,20,4,13,,,10,,3,23,3,1,27,9,2,67,2,2,2,,,,1,,,,,,,,
3,8,11,21,,1,7,22,32,2,3,,1,2,48,1,,34,59,9,6,6,6,1,2,,,,,2,,,,,,
3,8,1,5,,3,22,16,8,4,5,,1,3,26,,,18,17,8,14,,11,2,6,3,,6,,,,6,,,,
3,9,2,2,,,35,21,1,3,1,,3,,25,2,,19,17,3,40,2,9,9,,,,,,,,,,,,
3,5,2,7,1,4,19,18,6,2,2,,2,,43,4,,9,47,8,15,1,1,3,,,,,,,,,,,,1
3,8,8,1,6,8,16,13,3,8,2,,,2,25,3,,2,39,10,30,,3,3,,,,,,,,,,,,
3,8,8,1,6,8,16,13,3,8,2,,,2,25,3,,2,39,10,30,,3,3,,,,,,,,,,,,
3,4,7,15,,3,11,22,5,9,4,,,,20,,,6,24,3,36,,1,1,1,,,1,,,,,,,,
3,2,3,7,,2,3,10,4,4,1,2,1,,31,,,5,42,5,2,,,3,,,,,,2,,,,,,
3,15,,,3,2,39,12,9,,4,,,,19,6,,10,13,2,56,,1,3,,,,,,,,,,,,
3,8,3,,,,29,8,3,,,,,,15,,,3,12,6,34,,8,,,,,,,,,,,,,
3,15,3,5,,,26,13,6,5,1,,,,31,,,5,27,1,20,1,4,,,,,,,,,,,,,
3,21,1,5,,1,21,10,3,6,3,,,,32,2,,9,32,16,25,,4,6,,2,,,,,,,,,,
3,,2,12,,1,16,19,2,,,,,,31,,,3,54,2,39,,,,,,,,,,,,,,,
3,9,6,3,,1,50,12,,1,2,1,4,,20,,,5,15,20,67,12,4,,,2,,,,,,,,,,
3,4,7,2,3,,16,10,13,14,4,,2,,38,,,16,7,5,19,2,33,4,,,,,,,,,,,,
3,2,3,1,,1,13,10,6,6,8,,,,25,,,1,35,5,3,,,2,1,1,,,,,,,,,,
3,21,,,,3,24,5,11,1,4,,10,1,3,5,,4,66,5,45,,12,1,2,,,,,,,,,,,
3,11,1,3,,8,17,38,8,5,3,2,3,,25,,,8,30,19,15,1,,6,,,,,,,,,,,,
3,5,1,5,,3,9,5,7,,4,,,,15,,,7,34,5,15,,5,,,,,,,,,,,,,1
3,15,3,5,,,26,13,6,5,1,,,,31,,,5,27,1,20,1,4,,,,,,,,,,,,,
3,2,,3,,4,13,17,11,1,4,,1,,37,,,8,9,8,4,1,,1,,,,,,,,,,,,
3,1,2,1,,,2,3,3,9,3,,,,1,,,2,23,6,14,,1,,,,,,,,,,,,,
3,3,1,2,,1,10,13,9,2,,2,,,39,,,1,30,7,,1,1,2,,,,,,,,,,,,11
3,15,7,16,,4,21,26,20,,1,,,2,29,,,16,25,12,22,1,4,1,,,,,,,,,,,,
3,1,2,1,,,2,3,3,9,3,,,,1,,,2,23,6,14,,1,,,,,,,,,,,,,
3,2,1,3,,,15,27,,,,,,,44,,,,39,2,2,,,,,,,,,,,,,,,
3,5,7,3,,1,12,12,5,6,,1,1,6,8,,,15,11,3,18,,,1,,,,,,,,,,,,
3,3,1,8,,1,10,3,7,3,2,,,,6,2,,6,15,1,21,,1,,,,1,1,,,,,,,,1
3,7,1,1,1,18,,7,3,,,,5,,53,,,3,10,3,2,17,3,5,,,,,,,,,,,,6
3,3,4,21,,,4,11,6,7,4,,,3,25,2,2,6,46,2,9,9,,,,,,,,,,,,,,
3,,5,11,,4,9,7,4,,1,2,,,27,,,4,15,7,10,2,,4,,,,,,,,,,,,
3,12,,,,,5,1,4,4,1,,1,,18,2,,16,26,1,4,4,,,,,,,,,,,,,,
3,1,2,2,,3,4,8,6,10,1,,,,19,,,7,9,2,17,,3,8,,,,,,,,,,,,2
3,2,1,3,,,15,27,,,,,,,44,,,,39,2,2,,,,,,,,,,,,,,,
3,3,1,2,,,3,16,1,3,,,3,,25,,,5,42,2,4,1,,2,,,,,,,,,,,,
3,1,9,9,,1,,8,,,,,1,,18,,,9,32,2,2,,,,,,,,,,,,,,,
3,2,1,3,,,15,27,,,,,,,44,,,,39,2,2,,,,,,,,,,,,,,,
3,4,2,5,,4,10,9,9,7,6,7,,,26,,,6,44,4,13,,6,1,1,,,,,,,,,,,
3,11,6,10,,4,8,21,2,5,,16,1,6,39,,,40,16,10,4,,7,3,1,,,3,,,,,,,,
3,4,15,4,,4,16,44,15,2,5,,,,61,10,,4,31,11,10,1,,,,,,,,,,,,,,
3,11,4,2,,2,14,7,5,2,4,4,2,,22,,1,10,12,2,15,,1,4,,1,,,,,,,,,,1
3,5,16,9,,1,15,13,6,1,1,,3,,22,,,15,11,8,28,2,,4,5,2,,1,,,,,,,,
3,1,3,15,,1,29,12,9,4,4,,,,23,,,2,26,17,43,,1,12,,,,,,,,,1,,,
3,3,1,10,,3,9,8,2,5,2,,,,25,,,9,21,8,9,5,3,1,,,,,,,,,,,,1
3,1,4,3,,1,10,6,5,1,4,,,,19,,,4,6,6,23,1,7,5,,,,,,,,,,,,
3,3,13,12,,2,21,12,5,1,1,,1,,24,,1,5,17,15,28,,,,,,,,,,,,,,,
3,14,1,,,3,13,4,5,1,2,3,,1,43,,,3,35,2,19,,3,,,,,,,1,,,,,,
3,6,4,6,1,1,2,1,3,7,5,4,,,24,,,1,24,5,3,,9,1,,,,3,,,,,,,,6
3,1,6,8,,4,10,16,1,4,3,2,1,,19,,,3,17,6,12,2,1,2,,,,,,,,,,,,
3,13,4,9,,3,20,22,19,2,,,4,,34,,,5,15,9,28,,23,1,,1,,,,,,,,,,
3,21,2,9,,6,23,19,12,5,3,,,,71,,,29,29,13,15,2,1,4,,8,,,,,,,,,,
3,2,1,11,,,10,17,6,2,,,,,21,1,4,11,17,3,16,,2,,,,4,,,,,,,,,
3,10,,41,,,6,21,9,2,3,,2,,45,,,14,26,13,41,11,,10,,,,,,,,,,,,1
3,15,5,14,,3,40,17,10,,1,,2,1,39,1,,11,31,7,58,,3,10,,2,,,,,,,,,,1
3,24,6,10,,3,27,46,9,3,,3,2,6,59,12,,22,38,5,37,,3,3,,,,,,,,,,,,
3,9,2,11,,3,9,19,5,2,31,2,,1,58,7,,3,28,5,9,1,,,,,,,,,,,,,,3
3,26,,3,,3,20,41,4,2,5,,6,,80,1,,17,38,34,4,,1,1,,1,,,,,1,,,,,
3,13,2,7,,2,46,32,7,5,3,2,1,,82,1,,9,48,18,42,1,16,7,,,,,,,,,,,,
3,6,4,8,,,40,31,7,4,4,2,,,38,2,2,10,24,6,55,2,,7,,,2,2,,,,,,,,
3,11,6,16,,4,5,11,21,7,38,1,,14,45,,,13,30,10,10,1,1,5,,1,,1,,,,,,,,
3,19,6,8,,1,18,15,7,3,5,6,,,30,5,,22,41,8,25,,3,1,,2,,,,,,,,,,1
3,4,11,,,3,29,37,12,2,1,6,2,,17,,1,12,38,22,35,,4,4,,,,,,,,,,,,9
3,4,,,,1,4,7,3,2,,3,2,,10,1,,4,20,6,5,,,,,,,,,,,,,,,
3,6,,15,,,6,8,13,2,13,,1,1,29,,,2,38,5,12,,9,3,,,1,,,,,,,,,
3,2,3,3,,,9,3,9,14,,3,,,24,,,2,19,13,17,,6,,,1,,,,,,,,,,11
3,6,13,4,,1,8,10,5,9,,,3,,43,,,8,35,5,24,2,6,1,,,,1,,,,,,,,
3,3,2,8,,1,43,19,8,,,1,,,11,,1,9,20,11,56,,38,7,,3,,,,,,,,,,
3,4,5,7,1,3,15,14,6,4,8,,1,,27,3,3,6,42,8,13,4,,,,,,,,,,,,,,
3,5,2,2,,,9,3,,,,,,,20,,,6,21,,23,3,,3,,,,3,,,,,,,,
3,3,6,7,,,9,4,3,1,6,,,,18,,,1,14,7,11,,8,1,,,,,,,,,,,,
3,2,3,6,,3,3,3,7,8,2,,,,14,,,9,22,1,16,,,2,,1,,,,,,,,,,
3,,2,4,,1,3,4,2,1,2,1,,,10,,,1,26,,6,,,,,,,,,,,,,,,
3,10,4,6,,5,24,14,14,5,18,2,1,,56,1,,9,58,5,13,,28,,,,,,,1,,,,,,
3,4,1,3,,1,1,1,4,2,5,,,,16,1,,1,11,,4,,3,,,,,,,,,,,,,
3,2,2,2,,4,5,4,12,7,,,,,22,,,2,28,3,3,2,,2,,,,,,,,,,,,
3,,1,1,,3,18,7,11,1,12,,,,19,,,7,22,3,5,,1,,1,,,,,,,,,,,
3,4,7,5,,2,8,14,5,1,2,,,,20,3,,2,23,12,3,,,,,,,,,,,,,,,
3,,,1,,,,1,,,1,,,,9,,,3,12,,,,,,,,,,,,,,,,,
3,18,5,7,,1,7,14,3,2,1,2,,1,30,2,,4,22,6,12,,9,,,,,,,,,,,,,
3,3,,4,,,8,3,4,,4,1,1,,18,3,,1,8,,8,1,,1,1,,,,,,,,,,,
3,1,1,3,,,16,1,3,1,1,,,,15,,,9,15,2,17,2,,1,,,,,,,,,,,,
3,1,3,3,,,3,7,1,2,3,,,,21,,,2,9,3,4,,5,,1,,,,,,,,,,,
3,4,,,,,6,4,3,2,,,,,8,,,2,9,1,7,1,1,1,,,,,,,,,,,,
3,3,1,3,,,3,2,4,,,,,,15,,,3,6,1,6,1,1,4,,,,,,,,,,,,
3,3,6,5,,2,1,14,7,2,6,,,,17,,,3,35,9,1,,,,,,,,,,,,,,,
3,8,11,4,,1,6,13,6,2,5,,1,1,24,3,,5,23,7,11,,1,3,,,,,,,,,,,,
3,6,1,9,,4,3,7,3,,,,,,39,,,5,35,3,6,,7,,,,,4,,,,,,,,1
3,13,20,1,,6,17,5,,2,1,,,,28,,,2,23,1,24,,2,3,,,,,,,,,,,,
3,1,8,5,,,36,5,,11,14,4,,,14,,,2,27,12,48,,1,,,,,,,,,,,,,
3,2,9,2,,1,21,9,1,1,1,,,,16,,,6,10,2,31,,2,,,,,1,,,,,,,,
3,7,1,7,,1,18,2,17,7,,,,,34,,,8,22,6,32,1,16,11,,,,,,,,,,,,
3,5,9,1,,,15,10,4,4,10,,4,,17,,,1,26,4,18,,1,1,,,1,,,,,,,,,
3,1,5,,,,21,7,2,2,2,1,,,48,,,5,42,7,27,,9,,,,,1,,,,,,,,
3,3,,3,,,11,6,6,1,10,5,1,,38,,,6,54,2,10,,4,2,,,,,,,,,,,,
3,12,2,5,,1,1,7,3,1,1,1,,,61,,,3,48,1,1,,1,,,,,,,,,1,,,,
3,5,2,6,,2,13,6,18,1,1,,,,35,,,1,21,3,19,1,8,1,,,,,,,,,,,,
3,,9,1,,,17,13,4,1,6,2,,,27,,,18,34,3,33,,2,7,,,,,,,,,,,,
3,9,10,28,,,23,7,2,,,1,9,,21,,,5,35,2,54,,2,11,,,,,,,,,,,,
3,26,2,7,,1,12,15,8,1,3,2,7,,15,,,7,17,20,17,,,2,,,,,,,,,,,,
3,6,2,6,,3,11,21,1,4,4,,,,55,,,2,15,3,9,,7,7,1,,,,,,,,,,,
3,18,2,1,,,16,20,10,3,,,,,51,9,,3,23,5,20,,4,,,,,,,,,,2,,,
3,1,1,4,,11,14,7,3,8,,,,,10,,1,3,39,1,26,,1,10,,,,,,,,,,,,
3,8,2,33,,4,3,5,8,12,9,,,1,53,2,,6,42,12,42,,2,,,1,,,,,,,,,,1
3,21,,19,,2,3,29,8,6,6,,,1,39,16,1,17,34,2,21,,,3,,,,,,,,,,,,
3,12,27,6,,1,8,8,7,1,1,,,1,35,,,19,45,8,5,,7,7,2,4,1,,,,,,,,,
3,6,6,3,,,30,15,2,,,,,,12,3,,8,14,9,31,1,8,,,,,1,,,,,,,,
3,2,1,,,,4,5,8,11,4,,,,26,,,,25,8,,,8,,,,3,,,,,,,,,
3,9,6,6,,,21,11,2,,3,,,,15,3,,12,12,6,28,1,8,,,,,1,,,,,,,,
4,25,1,19,1,5,50,65,17,7,6,3,3,1,72,2,,31,68,40,56,2,3,9,1,4,,2,,2,,,,,,
4,9,,10,,1,35,28,15,7,,4,,1,59,1,1,13,39,19,26,1,2,,,,,,,,,,,,,
4,25,1,19,1,5,50,65,17,7,6,3,3,1,72,2,,31,68,40,56,2,3,9,1,4,,2,,2,,,,,,
4,9,,10,,1,35,28,15,7,,4,,1,59,1,1,13,39,19,26,1,2,,,,,,,,,,,,,
4,17,2,31,,6,33,45,6,7,3,1,3,,94,,2,21,72,14,27,1,4,6,,2,,,,,,,,1,,
4,7,1,13,,9,19,48,18,13,,,,2,68,,,13,58,12,13,,6,2,,3,1,1,,1,,1,,,,
4,3,2,7,1,,14,20,10,1,4,,,,23,,,12,24,16,14,,,,,,,,,,,,,,,
4,7,4,7,,4,24,18,4,1,2,,,1,31,,,15,13,5,21,,,3,,,,,,1,,,,,,
4,8,1,3,,,16,11,1,2,,,,,15,,2,15,7,5,17,3,,1,,,,,,,,1,,,,
4,16,10,4,,5,18,16,2,10,,4,3,2,32,3,,6,27,10,22,,3,,,,,2,,,,,,,,
4,19,1,6,1,4,32,34,10,,1,1,8,,27,1,,18,24,16,40,,,4,1,1,,,,,,,,,,
4,14,,6,,8,7,7,1,,,19,,,20,,,12,11,,18,,,8,,,,,,,,,,,,
4,7,1,13,,5,22,24,8,4,,6,1,,43,1,,5,44,5,24,,3,2,,3,,,,,,2,,,,
4,11,2,9,1,1,22,34,7,5,2,2,1,2,82,1,,10,78,17,18,,19,2,,1,1,,,,,,,,,
4,23,1,32,,2,34,52,16,3,2,8,5,3,74,,,26,105,28,24,,4,4,,,1,1,,2,,,,,,
4,10,,49,,1,58,52,42,13,4,17,3,,128,3,,23,123,35,72,1,4,6,2,,,,,10,,,,,,
4,2,,5,,5,8,5,4,2,2,,1,,21,1,,4,16,1,6,,,1,,1,,,,,,1,,,,
4,22,2,15,,2,11,12,11,,1,2,9,1,34,,,8,16,8,19,2,3,14,,1,1,,,1,,,,,,
4,3,,10,,,8,20,4,3,,1,1,,47,,,10,43,7,6,,1,2,,,,,,2,,,,,,
4,25,1,19,1,5,50,65,17,7,6,3,3,1,72,2,,31,68,40,56,2,3,9,1,4,,2,,2,,,,,,
4,9,4,17,,7,31,35,11,4,2,6,3,4,91,,1,29,59,15,24,1,3,4,,2,,,,,,,,,,
4,11,,17,1,3,19,23,9,1,3,4,,4,57,2,1,11,48,12,29,,2,1,,2,,,,,,,,,,
4,14,1,12,,9,49,39,16,2,3,,,1,42,1,1,22,50,9,37,,7,1,10,,,,,,,,,,,
4,9,,10,,1,35,28,15,7,,4,,1,59,1,1,13,39,19,26,1,2,,,,,,,,,,,,,
4,19,,7,,,38,35,15,,3,3,2,,95,1,2,13,49,2,27,,,2,,2,,,,,,,,,,
4,11,1,18,2,5,44,42,17,6,3,8,,1,74,1,,26,51,36,37,1,2,2,1,3,1,2,,1,,1,,,,
4,11,23,9,2,,27,27,20,13,10,2,,1,78,,1,12,25,26,16,,2,4,2,1,,,,,,,,,,
4,17,16,12,,4,43,35,8,1,1,5,,1,116,,,8,54,26,35,1,,7,,,,,,,,,,,,
4,14,13,26,,8,37,43,26,11,4,7,,1,95,1,,28,64,31,39,,8,7,1,5,,2,,,,,,,,1
4,13,8,14,,,25,30,11,6,,14,2,7,81,,,13,76,15,14,2,1,,1,1,1,1,,,,,,,,
4,8,12,8,,1,14,21,4,2,,5,,4,48,4,,6,40,14,17,,,,,1,,,,,,4,,,,
4,8,4,28,,1,32,53,5,,1,1,2,16,57,1,,19,50,10,21,,4,3,3,,,,,,,,,,,
4,11,4,10,,5,51,19,18,7,1,1,,,37,2,,7,58,25,57,,2,2,1,,,,,1,,,,,,
4,14,,7,1,,14,20,3,5,1,,3,,33,,,18,35,10,27,,6,4,1,1,1,,,,,,,,,
4,13,,23,,5,14,25,4,,1,,,17,50,1,1,42,49,1,20,,,4,,,,1,,,,,,,,
4,14,15,9,,4,12,20,12,5,2,1,2,1,46,2,,13,38,8,16,,2,1,,,,1,,,,,,,,
4,14,,22,,,28,29,18,11,2,3,,,50,1,,7,35,18,36,2,,,,,,,,,,,,,,
4,23,,9,,4,19,16,12,7,7,,1,3,47,12,,15,31,10,23,2,2,4,,2,,2,,,,,,,,1
4,9,1,21,,2,17,27,6,5,6,15,1,1,101,,,14,91,12,18,1,5,1,,,,,,,,,,,,
4,12,12,28,,4,40,52,4,5,10,13,,11,137,,,12,117,22,41,4,2,,2,,,4,,1,,,,,,
4,9,,26,,3,54,94,22,9,2,26,1,5,290,,1,23,181,29,51,1,,4,3,1,,,,1,,,,1,,
4,29,,14,1,4,24,79,10,14,,4,,11,147,,,12,126,17,11,1,2,,,1,,,,,,,,,,
4,30,,31,,2,47,70,14,11,2,19,4,5,167,,,15,126,34,68,1,5,2,,,1,1,3,,,1,,,,
4,21,1,17,,5,32,114,26,12,2,10,2,,139,,,5,108,21,33,8,2,2,3,,,1,,2,,,,,,
4,4,15,7,,2,32,44,10,10,7,3,,6,74,1,,7,81,36,16,,2,3,,1,,,,,,1,,,,
4,6,22,13,,2,12,19,5,,4,5,1,,64,,,7,38,11,20,3,,,,,,1,,,,,,,,
4,8,1,13,,8,65,41,19,11,4,7,3,1,227,,,9,97,30,46,1,1,1,,,,,,,,,,,,
4,4,,15,,6,30,52,27,2,10,4,,3,204,,,17,86,25,16,,2,,,,,,,3,,,,,,
4,27,15,12,,4,51,55,30,7,2,4,2,5,158,8,2,42,110,41,43,,9,1,,,,,,,,,,,,
4,16,31,17,,5,29,34,17,4,4,5,4,4,110,2,12,42,44,12,55,,2,2,,,,1,,,,1,,,,
4,1,,7,,,22,15,2,22,3,3,,,105,,,12,28,12,25,,5,4,,1,1,,,,,,,,,
4,9,13,6,,8,21,32,5,2,3,9,3,,91,,,13,59,10,32,,,5,,,,1,,8,,,,,,
4,7,4,20,,5,58,36,11,2,9,3,,11,101,,,34,114,5,37,,5,3,,,,2,,,,,,,,
4,25,8,8,,6,30,34,15,1,4,2,,,88,,,14,50,5,29,2,,2,,,,,,1,,1,,,,
4,18,1,6,,1,35,18,5,5,2,2,6,6,38,3,2,11,32,7,41,6,,,,,,,,,,,,,,
4,13,,3,,3,31,6,11,7,4,4,,,57,,,,16,18,24,12,4,1,,,,,,,,,,,,
4,6,2,1,,4,15,41,4,,7,4,2,,36,,,10,45,30,12,,3,5,,,,,,2,,,,,,
4,,2,1,,,21,7,2,2,2,,,,21,,,2,14,1,23,,,4,,,,,,,,,,,,
4,13,4,22,,1,35,27,7,2,5,11,,3,71,3,,9,72,17,29,,,10,,,1,1,,1,,,,,,
4,35,11,33,,1,12,43,11,10,,2,1,7,102,,,10,50,24,31,1,,2,,,,,,,,,,,,
4,,,34,,5,10,16,4,13,2,3,,,39,,,27,34,3,32,1,3,2,,,,2,,,,,,,,
4,8,,4,,1,26,10,11,2,7,2,,,16,,,18,32,5,24,,,,,,,,,2,,,,,,
4,8,12,4,,3,14,14,3,,9,4,2,,38,,2,15,34,,11,3,1,2,1,,,,,6,,,,,,
4,3,1,11,,4,16,39,4,2,21,4,2,,77,,,,50,2,15,,4,1,,,,,,,,,,,,
4,3,,3,,3,25,20,42,,2,2,1,,24,,,13,29,9,25,1,2,,,,,,,9,,,,,,
4,15,2,18,,11,109,26,15,4,38,7,4,6,65,1,6,9,50,16,106,1,1,,1,,,,1,2,,,,,,
4,33,5,5,1,1,39,24,5,4,4,3,18,,45,,,16,48,6,55,,1,8,,,,,,1,,,,,,
4,12,61,5,,3,81,19,5,,,,,,45,1,,18,14,3,80,,,2,,,,,,,,,,,,
4,7,10,6,,10,16,28,4,2,4,8,2,,79,,,13,63,8,24,,,6,,,,1,,9,,,,,,
4,7,,15,,8,16,17,10,4,3,2,,1,51,,,11,28,9,20,1,2,2,,,,,,2,,1,,,,
4,19,,16,,1,36,37,1,1,,6,,,74,2,1,9,48,31,34,6,,7,,1,,,,,,,,,,
4,6,,9,,,36,20,8,4,3,2,2,,73,2,,7,87,14,26,1,1,2,,,,,,,,,,,,
4,21,11,11,,2,15,37,4,4,2,8,,,74,7,9,5,55,5,12,,,1,,1,,,2,,,,,,,
4,7,3,11,3,4,22,19,10,5,1,3,1,1,68,,1,12,58,3,23,,6,10,,,,,,,,,,,,
4,6,3,17,,3,27,26,15,3,2,6,,4,65,,,12,82,14,36,2,2,1,,,3,,,1,,,,,,
4,12,,17,,4,20,14,4,2,3,2,,,43,,1,15,43,5,24,,2,3,,,,,,,,,,,,
4,23,1,7,,6,28,28,8,5,,5,6,,67,1,5,12,49,9,23,,4,5,,,,,,,,,,,,
4,6,2,7,,2,14,12,6,3,1,3,1,1,33,,,8,13,6,15,,2,2,,,,,,1,,,,,,
4,8,11,11,,3,9,17,5,4,1,4,3,2,30,2,,7,27,8,15,,1,6,,,1,,,,,,,,,
4,15,8,9,,3,22,32,8,2,,2,,1,43,7,,15,36,3,24,2,2,2,,,,,,,,,,,,
4,4,6,19,,20,30,20,17,,1,2,2,,57,1,,20,53,15,40,,,6,,,,,,,,,,,,
4,21,,6,,4,35,22,10,1,,2,4,,48,12,,23,29,10,31,1,3,2,,,,,,,,,,,,
4,8,11,17,,5,19,33,3,2,,4,5,1,72,,,11,46,10,34,4,1,11,,,,,,,,,,,,
4,15,7,16,,7,22,13,4,,3,3,7,,26,7,,11,8,2,46,,,15,,,,,,,,,,,,
4,16,6,21,,3,19,25,8,1,6,2,10,,33,1,,24,26,3,31,,,,3,,,,,1,,1,,,,
4,5,3,42,,16,24,18,9,1,1,13,1,5,75,,,10,58,10,50,1,,,,3,,3,,,,1,,,,
4,8,11,11,,3,9,17,4,4,1,4,3,2,29,2,,7,24,8,15,,1,6,,,1,,,,,,,,,
4,27,4,6,,,2,14,6,,2,,2,,70,25,5,13,43,2,3,,,,,,,,,,,8,,,,
4,12,2,4,,6,32,21,7,2,,,3,1,45,,1,22,18,11,24,,1,2,6,1,,,,,,1,,,,
4,22,6,23,,1,20,45,8,4,6,6,2,7,69,,,15,51,21,15,1,,3,,,,1,,1,,,,,,
4,9,,17,,1,42,26,6,3,7,2,,,54,,4,3,45,14,24,,1,1,2,,,,,,,,,,,
4,6,7,36,,4,40,40,25,2,8,20,1,4,111,,,32,107,20,41,1,3,4,,,,,,1,,,,,,
4,19,17,40,,9,55,74,28,12,5,5,4,,168,,,25,149,39,52,2,3,16,3,1,,,,1,,,,,,
4,18,22,16,2,9,32,41,10,,8,10,7,3,100,1,,20,68,23,44,1,4,8,,2,,,,1,,,,,,
4,10,21,25,,2,33,30,14,3,,6,2,,89,,,17,56,30,54,,1,1,1,1,1,1,1,,,,,,,
4,13,9,30,,10,23,26,20,1,9,1,3,3,58,2,,24,82,23,30,,1,6,1,,,1,,,,,,,,
4,6,4,17,,2,46,38,16,2,5,6,,3,77,1,1,9,40,10,47,2,1,4,,,2,,,,,,,,,
4,10,1,26,,2,22,44,22,8,2,11,,2,78,,,23,59,15,40,,7,2,,1,,2,,,,,,,,
4,18,2,24,,1,40,53,12,4,5,2,,1,77,,,35,31,4,52,4,1,13,,,2,2,,,,1,,,,1
4,8,18,19,1,8,50,34,16,1,8,3,1,5,70,,,17,32,26,42,,6,1,,,,,,,,,,,,
4,7,11,8,,4,23,33,11,1,6,2,2,2,50,,,22,75,11,22,1,3,7,2,,1,,,,,1,,,,
4,33,10,23,,6,45,56,20,2,6,10,6,1,76,,,32,87,13,87,5,6,11,1,11,2,2,,1,,,,,,
4,11,5,8,,8,27,14,15,9,1,9,,,70,1,,21,28,7,34,2,,3,,2,,,,,,,,,,
4,12,12,19,3,6,26,32,14,9,2,4,2,,56,,,22,46,26,25,1,6,8,,1,,,,,,,,,,
4,12,10,18,,2,33,30,12,5,3,13,4,,65,3,,20,47,26,36,,3,3,,2,,,,,,,,,,
4,10,1,15,,9,41,41,24,13,5,7,2,4,67,,,20,49,24,34,1,7,8,7,2,1,,,5,,,,,,
4,14,13,7,,3,23,18,2,5,,,2,3,45,,3,8,21,15,14,,1,9,1,,,,,,,,,,,
4,22,4,16,,21,32,25,12,4,1,11,6,1,61,3,,23,70,9,45,1,1,3,,2,,,,,,,,,,
4,15,2,23,1,8,36,47,21,8,4,8,2,1,119,1,,25,71,19,43,,5,7,,1,1,3,,3,,,,,,
4,14,2,13,,4,51,47,10,6,1,12,3,1,75,2,10,22,78,26,28,4,3,7,,,2,,1,1,,,,,,
4,4,16,,,1,15,9,4,11,,4,,1,16,,,21,30,5,24,,12,,,,,,,,,1,,,,
4,13,19,8,2,2,44,22,16,3,3,8,2,1,61,2,,11,51,11,36,1,1,4,,1,,,,,,,,,,
4,12,,12,,2,20,20,13,4,1,5,6,1,39,,,29,50,9,36,2,1,1,,,,,,1,,,,,,
4,11,5,10,1,4,44,26,12,2,,5,3,,62,4,,9,62,11,30,1,,7,,,,,,1,,,,,,
4,13,6,38,1,1,65,46,13,9,3,8,3,14,70,1,,22,91,16,63,1,,1,1,,,3,,,,1,,,,
4,16,7,24,,3,40,32,38,10,6,6,1,2,95,1,,13,77,18,50,1,1,1,,4,,,1,1,,,,,,
4,8,6,16,,6,24,21,12,4,6,7,1,,68,1,,16,36,8,27,,1,4,,,1,1,,6,,,,,,
4,18,4,10,,7,42,51,11,5,,3,1,,76,,,9,61,13,47,,,6,,,,,,1,,,,,,
4,8,,1,,,11,2,2,,,,,,9,,,,13,2,11,,,1,,,,,,,,,,,,
4,8,,8,,2,52,28,9,2,3,4,,,28,3,,10,26,7,54,,1,4,,1,,,,,,,,,,
4,12,17,21,,6,37,25,17,3,16,8,3,,78,1,1,30,42,20,50,2,7,8,1,2,1,1,,,,1,,,,
5,11,,1,2,1,27,21,,5,3,1,,,71,1,1,6,21,3,28,,,7,,,,,,,,,,,,
5,9,5,16,1,1,13,24,8,,2,,1,5,35,,,11,13,5,13,,10,11,,,,1,,,,,,,,
5,4,1,6,,1,26,6,4,3,3,8,,1,11,,,5,15,1,22,,1,5,,,,,,,,,,,,
5,13,1,2,,4,22,24,5,20,17,5,4,7,43,5,,17,25,17,28,,1,2,,,,,,,,,,,,
5,3,5,20,,,17,9,3,,3,3,,3,12,,10,6,25,8,26,1,,4,,,,,,,,,,,,
5,4,7,4,,1,49,22,1,5,1,,,,38,,,6,34,24,11,,5,1,,1,,,,,,,,,,
5,4,3,3,,1,23,17,15,2,10,,,,53,3,,4,37,10,20,,,5,,,1,,,,,,,,,
5,11,,1,2,1,27,21,,5,3,1,,,62,1,1,6,30,3,28,,,7,,,,,,,,,,,,
5,18,1,2,8,1,29,19,1,4,1,11,2,,38,,,19,38,,32,1,,10,,9,,,,1,,,,,,
5,12,8,3,5,5,44,4,18,1,,,5,10,21,2,,15,45,5,19,,1,1,,6,,,,,,,,,,
5,11,,6,,1,29,2,13,3,3,6,3,,40,4,,12,40,5,24,,3,8,1,,,5,,,,,,,,
5,7,,5,,6,9,11,1,3,,,1,,14,,,22,17,9,13,3,,7,,,,,,,,,,,,
5,9,5,15,1,1,14,23,8,,2,,1,5,31,,,11,14,5,11,,10,11,,,,1,,,,,,,,
5,,1,13,,,5,36,2,,15,,,,24,,,44,8,9,1,,12,1,,,,,,,1,,,,,
5,26,2,10,,3,33,13,1,,1,2,2,,33,,,2,29,12,32,1,,8,4,1,,,,,,,,,,
5,7,6,5,,,26,8,7,1,2,4,,,14,,,14,74,11,7,,,,,,,,,,,,,,,
5,4,17,4,,,28,19,13,4,6,4,,,52,,,26,60,5,29,,,6,,17,,,,2,,1,,,,
5,30,,,,,11,12,13,,1,2,,,30,22,,18,40,8,9,,,1,,,,,,,,,,,,
5,53,6,2,,,25,14,6,4,2,2,,9,22,,,24,42,1,46,,3,1,,,,,,,,,,,,
5,16,3,8,,1,17,45,9,5,1,,2,2,146,10,1,11,51,9,22,2,4,4,,,,,,,1,,,,,
5,26,1,23,,4,7,27,24,5,1,4,20,4,122,,,28,83,4,6,,2,1,1,,,,,1,,,,,,
5,2,16,27,,3,7,18,10,,7,1,,2,42,1,1,34,50,16,6,,1,2,,,,,,,,,,,,
5,1,7,,,1,9,33,6,6,,,,,75,,,2,38,13,4,,2,,,,,1,,,,,,,,
5,15,4,11,,,9,30,4,3,4,1,2,,120,4,5,1,50,3,13,,2,2,,,,,,,,,,,,
5,21,,5,,,19,32,5,10,7,2,1,,65,2,,6,46,2,14,,1,6,,,,,,,,,,,,
5,23,3,8,,1,19,47,9,9,2,,4,2,153,12,2,10,74,8,22,1,4,3,,,,,,,,,,,,
5,39,2,6,,,33,37,9,7,1,2,1,,110,,,11,54,5,15,,1,4,,,,,,,,,,,,
5,4,,9,,,11,29,5,5,,,1,,95,8,,3,41,7,6,,1,1,,,,,,,,1,,,,
5,6,14,9,,,37,30,21,7,,,,,22,,,5,28,6,61,,6,5,,,,,,,,,,,,
5,6,16,8,,,24,38,25,8,,,,,41,,,4,43,8,36,,6,4,,,,,,,,,,,,
5,1,7,,,1,9,33,6,6,,,,,75,,,2,38,13,4,,2,,,,,1,,,,,,,,
5,1,1,5,,2,10,19,2,2,2,,,,45,,,5,24,6,6,,,2,,2,,,,1,,,,,,
5,14,,3,,1,23,31,9,31,1,,,,43,,,6,31,42,20,,,6,,,,,,,,,,,,1
5,10,2,2,,,11,21,1,8,,,,,55,,,3,46,5,10,,1,4,,,,3,,,,,,,,
5,5,2,7,,,11,12,4,,,4,2,,18,1,,22,22,4,10,2,,2,,,,,,,,,,,,
5,1,1,14,1,1,4,46,4,,,,,,90,,,,40,1,5,,2,,,,,,,,,,,,,
5,5,2,8,,1,8,26,7,,,,3,,32,,,5,9,18,10,1,7,3,1,,,,,,,,,,,
5,1,,,,,12,17,1,2,,,,,73,,,11,51,20,10,14,8,7,,,5,2,,,,,,,,
5,14,6,13,,3,6,21,6,6,,3,1,,41,1,3,22,57,10,1,,2,3,,,,,,,,,,,,
5,4,,9,,,11,29,5,5,,,1,,95,8,,3,41,7,6,,1,1,,,,,,,,1,,,,
5,26,3,34,,,9,57,4,1,2,1,2,,118,2,2,1,84,3,10,,12,2,,,,,,,,,,,,
5,,,8,,3,23,25,3,7,,,,,54,,,25,18,14,27,,,7,,,,1,,,,,,,1,
5,39,2,6,,,33,37,9,7,1,2,1,,110,,,11,54,5,15,,1,4,,,,,,,,,,,,
5,6,14,9,,,37,30,21,7,,,,,22,,,5,28,6,61,,6,5,,,,,,,,,,,,
5,14,,3,,1,23,31,9,31,1,,,,43,,,6,31,42,20,,,6,,,,,,,,,,,,1
5,20,2,2,,2,6,10,1,1,3,7,1,,29,1,,13,28,4,,,2,,,,,,,,,,,,,
5,1,3,3,,4,2,14,2,,5,5,,,23,,,17,33,2,3,,1,,,1,,,,,,,,,,
5,4,6,1,,4,4,23,6,8,2,6,,,38,,,9,20,11,4,1,1,1,,,,,,,,,,,,
5,,14,5,,3,13,25,4,1,1,7,,,57,,,2,27,4,12,,2,,,,,,,,,,,,,
5,1,14,10,,2,8,16,4,3,,8,,,23,,,6,21,18,7,2,,4,,,,,,,,,,,,
5,10,2,4,,1,12,10,5,,,8,8,,13,,,5,18,4,24,1,,2,,,,,,,,,,,,
5,2,3,11,,1,10,18,3,2,1,10,,,24,,,18,11,10,16,1,,3,,1,,1,,,,,,,,
5,6,7,2,,3,4,12,3,2,2,7,,,24,1,,3,36,6,,,1,2,,1,,,,,,,,,,
5,8,1,4,,,9,10,4,4,2,6,,,33,,,10,54,3,8,,2,,,1,,,,,,,,,,
5,21,7,1,,7,4,12,7,4,,4,3,,29,1,,2,25,5,12,,,6,,,2,,,,,1,,,,
5,15,2,1,,4,32,8,14,3,5,,2,,33,5,,1,12,15,18,,,,4,,,,,,,,,,,
5,,,5,,,,33,,1,,,,,27,,,,,,,,,,,,,,,,,,,,,
5,9,12,1,,,14,15,12,,3,5,2,,21,2,,7,17,8,19,,2,,,,,,,,,,,,,1
5,20,,11,,11,10,10,1,,,,,,20,,,,17,,10,,,,,,,,,,,,,,,
5,6,,2,,1,23,2,11,2,6,6,,,47,,2,12,40,4,21,3,,2,,8,,,,,,,,,,
5,5,,14,,,9,9,11,,6,2,2,,34,3,,2,72,2,11,3,2,6,,,,,,,,,,,,
5,17,,12,,2,37,48,18,6,18,7,,4,94,1,,14,76,13,18,,4,1,1,,,,,1,1,,,,,
5,31,1,14,,1,62,52,26,1,3,9,1,10,67,3,,24,71,12,83,,5,2,,2,,1,,2,,,,,,
5,4,,1,,,12,16,4,6,,1,,1,30,,,16,33,7,8,,,6,,,,,,1,,,,,,
5,2,,4,,2,30,12,,18,,,,,21,,,10,9,11,24,,,4,,,,,,,,,,,,
5,8,21,7,,,8,,4,4,,,3,9,28,4,,8,22,4,8,,30,2,,,,,,,,,,,,
5,1,8,8,,,7,14,,9,1,,,,30,,,3,25,15,25,,6,4,,,,,,,,,,,,
5,6,,12,,,9,13,3,,1,,,,10,,,,32,3,13,1,,2,,,1,,,,,,,,,
5,7,12,21,,4,5,29,11,1,6,2,3,,53,1,,15,23,18,4,1,,3,,2,,,,,,,,,,3
5,7,12,21,,4,5,29,11,1,6,2,3,,53,1,,15,23,18,4,1,,3,,2,,,,,,,,,,3
5,10,10,13,,8,6,36,7,2,2,,1,,74,,,14,31,8,4,10,7,2,,1,,,,1,,,,,,
5,5,1,7,,2,4,7,,,,,,,22,,,3,8,3,7,,,2,,,,,,,,,,,,3
5,5,1,7,,2,4,7,,,,,,,22,,,3,8,3,7,,,2,,,,,,,,,,,,3
5,8,21,7,,,8,,4,4,,,3,9,28,4,,8,22,4,8,,30,2,,,,,,,,,,,,
5,7,2,2,,,6,7,1,,3,,6,1,26,1,,4,16,4,7,,,,,,,,,,,,,,,
5,6,5,10,,2,18,17,15,5,3,1,,,54,1,,4,30,8,19,,1,4,,1,,,,,,2,,,,
5,1,1,1,,,4,7,2,6,,1,,,18,,,4,13,2,5,1,,2,,,,1,,,,,,,,
5,2,,1,,,1,5,3,,1,,,,46,,,3,29,1,2,,,,,,,,,,,,,,,
5,4,7,3,,,11,8,2,1,,,,2,7,,,2,9,2,7,1,1,,1,1,,,,,,,,,,
5,9,3,1,1,3,20,15,5,5,,,,5,30,4,,11,7,6,9,2,6,,,,,,,,,,,,,
5,,,,,,,35,,,,,,,19,,,,12,,,,,,,,,,,,,,,,,
5,4,2,11,,9,25,37,31,10,7,2,,1,115,1,,14,48,13,21,,2,,2,1,,,,,,,,,1,
5,14,10,6,,,25,44,7,6,3,,,,95,1,,9,72,33,12,6,2,5,,2,,,,,,3,,,,
5,5,7,3,,,14,37,6,5,,,,1,71,,,11,64,7,16,,3,1,,,,,,1,,,,,,
5,5,7,3,,,14,37,6,5,,,,1,71,,,11,64,7,16,,3,1,,,,,,1,,,,,,
5,31,8,3,,,20,26,7,4,2,,,1,44,2,,12,67,6,49,,3,1,,,,,,,,,,,,
5,5,3,2,,,3,22,1,3,1,,,,36,3,,2,36,4,2,,1,1,,,,,,3,,,,,,1
5,12,2,1,,2,18,24,1,1,3,,,2,25,1,,5,11,13,11,,1,2,1,,,1,,,,,,,,
5,3,7,12,,2,18,25,11,3,6,1,,,54,,,3,19,11,17,,1,2,,1,,,,,,,,,,
5,5,1,2,,,11,5,3,2,,1,,,25,1,,1,33,4,2,,1,,,,,,,,,,,,,
5,3,,5,,1,13,16,6,3,9,,,,30,,,52,48,9,5,2,1,,,,,,,,,,,,,
5,12,15,23,,,4,14,13,9,,2,3,1,48,1,,16,65,4,26,1,,,1,,,,,,,,,,,
5,13,6,6,,1,15,21,8,3,,5,10,3,35,,,12,38,8,16,,1,3,,,,,,,,,,,,
5,13,14,6,,,11,9,14,2,2,5,,,17,2,,7,18,2,21,,,6,,,,,,,,,,,,
5,11,7,6,,2,28,36,14,1,1,2,2,,74,3,29,15,82,5,16,7,1,2,,,,,,1,,,,,,
5,11,9,11,,3,23,26,4,3,3,4,,,65,,,17,46,10,19,,1,2,,2,,1,,,1,,,,,
5,11,9,11,,3,23,26,5,3,3,4,,,65,,,17,48,10,19,,1,2,,2,,1,,,1,,,,,
5,20,16,16,,4,33,38,7,5,6,5,4,,73,1,,15,56,15,38,5,4,2,2,1,,,,,,,,,,
5,5,4,1,,,3,15,1,2,,14,1,1,46,,,3,38,21,5,,,1,,,,,,,,,,,,
5,14,,,,4,8,7,2,,14,2,,,36,,7,8,40,,3,2,2,2,,,,,,,,,,,,
5,,,,,,22,5,5,,2,,,,18,,,,13,1,22,,,,,,,,,,,,,,,
5,9,5,5,1,12,30,16,4,2,2,1,3,1,18,,,31,19,3,33,5,1,3,,,,,,,,,,,,
5,28,,7,,2,5,14,3,4,2,,3,2,28,,,22,43,5,7,,2,,,1,,,,,,,,,,
5,3,5,8,1,3,8,10,9,2,,2,2,1,13,,1,8,24,2,15,,1,3,,2,,,,,,,,,,
5,2,20,,,,10,8,21,,1,2,2,,40,,,3,34,13,14,,,,4,2,,,1,,1,,,,,
5,1,,10,,,7,9,1,1,3,2,,,15,,,1,12,7,12,1,2,2,,,,,,,,,,,,
5,1,,4,,,17,36,2,3,,1,,,56,,,8,17,7,,,,,,,,,,3,,,,,,
5,1,3,3,,,7,12,2,7,,6,,,20,,,50,55,14,7,,,,,,,,,,,,,,,
5,6,11,4,,1,17,33,8,5,2,3,,5,75,1,,9,55,4,12,,,2,,1,,,,,,,,,,
5,,,,,,,,5,,,3,,,26,,,,9,1,,,,,,,,,,,,,,,,
5,12,1,3,,1,11,12,10,,,,3,,32,,,3,26,2,7,1,,1,1,,,,,,,,,,,
5,4,4,5,,3,8,9,8,1,3,,,,31,1,,5,32,8,8,5,4,1,,1,,,,,,,,,,
5,2,3,2,,1,6,18,8,3,,2,,5,44,,,5,32,4,5,,,,,2,,,,,,,,,,
5,6,5,11,,5,15,12,10,3,2,6,1,,62,2,,5,70,8,13,,,1,,1,,4,,1,,,,,,
5,6,,5,,1,12,8,5,2,3,2,1,,32,,1,5,17,4,7,,1,1,,,,,,,,,,1,,
5,13,9,4,,3,13,13,9,1,,27,,3,51,1,,4,37,7,14,,1,2,,1,,,,,,,,,,
5,6,1,10,,,9,12,7,2,1,3,,,66,,,6,35,7,7,1,,,,,,,,,,,,,,
5,38,4,3,6,2,9,19,14,3,1,4,10,,29,7,2,12,27,2,10,1,3,,,1,,,,,,,,,,
5,4,2,12,,11,11,8,2,2,1,2,1,,26,,,5,62,2,8,1,1,4,,,,,,,,,,,,
5,10,9,3,,4,9,19,2,3,3,2,,2,46,,,1,24,12,2,,5,6,,,,2,,,,,,,,
5,6,,2,,,9,1,,,,4,,,13,,3,1,8,2,10,,2,,,,,,,,,,,,,
5,7,34,7,1,3,18,14,14,3,4,8,,,17,2,,14,36,6,15,,3,4,,1,,,,,,,,,,
5,3,,3,,1,8,13,8,,,,,1,36,1,,5,23,13,5,1,4,8,,1,,,,,,,,,,
5,7,6,3,,2,14,15,1,2,2,2,2,1,55,1,6,3,48,,13,,,2,,,,1,,,,,,,,
5,16,12,6,,4,12,14,4,4,2,4,,6,36,,,26,40,8,14,,4,2,,,,,,,,,,,,
5,1,2,18,,2,7,,5,,,4,1,,41,,,1,30,3,23,1,,8,,1,,,,,,,,,,
5,4,2,7,,8,34,11,1,1,,,1,1,16,1,1,29,5,1,39,2,1,9,,,,,,,,,,,,
5,5,5,8,,1,5,3,9,,,10,,,23,2,,1,19,1,5,,,1,,,,,,,,,,,,
5,15,,6,,1,7,8,3,4,3,1,,1,43,3,,10,20,7,7,1,1,5,,,,,,,,,,,,
5,21,6,4,,7,8,2,72,,,4,2,2,17,,,6,32,6,27,2,,,,,,,,,,,,,,
1,8,14,15,,3,38,34,11,2,6,9,3,,94,1,,14,45,22,28,,2,15,,,1,,,,,,,,,
1,6,9,14,,7,19,20,,3,1,7,,2,42,,,7,22,18,21,2,3,11,,2,,,,,,,,,,
1,18,3,5,,3,21,22,10,,1,2,12,1,23,,,15,19,7,26,,,3,,1,,,,,,,,,,
1,15,13,4,1,14,25,29,29,2,2,1,2,,110,,,13,72,10,11,,2,10,,,,1,,,,,,,,
1,6,14,13,1,,12,25,2,1,1,,,,28,1,,8,18,10,23,2,,4,,1,,,,,,,,,,
1,7,9,31,,2,11,26,7,1,1,2,1,,63,,,15,49,7,25,,2,6,,1,,,,,,,,,,
1,2,6,7,,,22,9,6,1,,4,1,,31,,,6,17,7,19,,,8,,6,,,,,,,,,,
1,17,22,10,,5,34,53,2,12,3,3,1,,80,5,,25,34,24,28,1,1,10,,,,1,,,,,,,,
1,2,6,12,1,2,34,27,17,7,9,2,,,64,,4,5,34,23,25,,1,6,,,,1,,,,,,,,
1,14,13,9,,5,18,14,7,6,4,,6,,99,,,9,28,15,22,,2,19,,,,,,,,,,,,
1,9,7,12,,,9,3,9,,1,1,3,,29,,,6,19,6,18,,4,,,1,,1,,,,,,,,
1,1,4,18,,3,13,8,1,4,4,,,1,41,,1,11,23,13,12,2,1,3,,,1,,,,,,,,,
1,9,10,9,,2,7,16,8,2,,1,2,1,44,,,7,54,10,10,,1,1,,,,,,4,,,,,,
1,13,7,14,1,,22,12,8,1,1,,7,2,49,,,26,97,23,30,,2,13,,1,,,,1,,,,,,
1,7,6,20,,3,9,14,8,2,1,8,1,3,48,3,,2,39,8,35,1,,6,,,,,,,,,,,,
1,12,1,15,,2,16,18,8,3,,,2,1,46,,,12,19,14,24,,1,9,1,,,,,,,,,,,
1,3,2,12,,1,12,22,1,1,1,3,,,28,,,11,28,19,11,,4,,,,,,,,,,,,,
1,4,13,3,,3,17,25,13,7,1,2,2,,68,3,,16,28,18,18,,5,2,4,,,,,,,,,,,
1,16,,6,,,21,27,17,3,6,2,3,1,57,3,,8,14,5,22,6,10,8,,3,,,,,,,,,,
1,6,,10,,1,43,14,6,,,2,,,36,,,9,18,6,32,1,,4,,,,9,,,,,,,,
1,7,5,10,,,41,9,7,11,5,4,5,,25,,,13,18,15,43,,3,5,1,,1,,,,,2,,,,
1,3,11,14,,4,7,3,2,3,3,32,1,1,74,,,5,24,4,18,2,4,3,,,,,,,,,,,,
1,1,13,1,,1,20,20,5,1,,2,,,46,,,5,9,14,11,6,1,6,2,,,20,,,,,,,,1
1,6,1,21,,8,6,16,5,8,4,16,,1,27,3,,14,26,17,17,,,1,,,3,,,,,,,,,
1,12,8,1,,1,13,20,3,,1,2,,,25,3,,10,7,5,12,,3,3,,,,,,,,,,,,
1,1,9,5,,2,26,15,9,,3,2,,,39,,,14,27,9,27,,,13,,,,2,,,,,,,,
1,2,5,5,,,9,8,1,7,1,1,,,19,2,,6,35,8,11,,1,2,1,,,,,,,,,,,1
1,16,4,5,,14,30,37,19,1,3,2,,1,74,3,,16,27,8,32,,2,6,3,,,2,,,,,,,,
1,16,1,2,,9,7,5,4,1,,,,,31,,,7,10,6,6,,,5,17,,,,,,,,,,,
1,40,1,,,,5,1,1,1,,4,11,,5,12,,1,13,5,15,,,5,8,,,,,,,,,,,
1,7,3,7,,3,28,23,2,6,6,2,2,1,28,,,14,19,7,28,,2,9,,,,,,,,,,,,
1,30,9,22,,,27,38,6,3,3,16,1,,25,26,,11,59,1,47,,,3,,1,,1,,2,,,,,,
1,1,12,9,,,15,19,13,1,1,5,,,34,,,6,28,15,14,,1,13,2,3,,,,,,,,,,
1,7,1,3,,,1,12,3,2,13,1,2,4,19,,,5,3,1,2,,,1,1,,,,,,,,,,,1
1,11,4,7,,,8,7,1,1,,2,2,3,14,,,12,24,7,9,,2,1,,,,,,,,,,,,
1,4,8,2,,1,8,12,3,2,3,3,,,9,,,9,31,5,8,,,2,,,,,,,,,,,,
1,6,3,10,,,22,6,10,2,,2,3,,37,,,4,27,14,27,3,10,4,,1,2,,,,,,,,,
1,2,1,11,,2,24,34,13,2,2,5,,1,175,,,21,80,2,30,,3,10,,,,,,,,,,,,
1,6,17,3,,1,36,18,7,1,5,3,,,12,,,8,25,4,36,,,3,,,1,,,,,,,,,
1,18,1,13,,1,14,6,3,6,8,21,7,1,50,,1,13,28,3,29,,1,6,,,,,,,,,,,,
1,5,10,,,,8,7,4,3,30,5,,,19,,,14,19,1,9,1,1,1,,,,,,,,,,,,8
1,3,5,3,,,24,15,33,4,2,2,2,1,28,,,25,39,5,13,,2,,,,,,,,,,,,,
1,4,10,,,,22,4,2,3,2,2,,2,25,,,2,38,7,26,,3,5,,,,,,,,,,,,
1,5,3,7,,,5,12,9,,2,2,,,43,2,,18,19,,12,,,9,,1,,,,,,,,,,