,VB,VBG,VBD,RBR,VBN,VBP,JJ,IN,genre,VBZ,DT,CD,MD,RP,NN,TO,UH,RB,NNP,NNS,PRP,WRB,PRP$,CC,WP,JJR,NNPS,JJS,$,FW,PDT,WDT,WP$,RBS,POS,EX
0,9,5,21,1,4,38,36,30,0,7,5,16,1,20,111,5,20,30,161,15,31,,,,,,,,,,,,,,,
1,10,12,27,,6,43,63,17,0,5,4,17,,1,180,1,5,7,140,26,32,3,7,2,2,1,,,,,,,,,,
2,5,3,21,,4,32,31,8,0,4,2,7,,32,128,1,,12,90,18,17,2,2,4,,,,,,,,,,,,
3,6,11,27,,3,34,36,16,0,3,2,11,,2,103,1,,19,86,22,32,10,2,3,,1,,,,,,,,,,
4,5,3,20,,4,34,31,8,0,4,2,5,,32,127,1,,11,88,18,18,2,1,4,,,,,,,,,,,,
5,2,1,20,,8,17,48,8,0,9,5,4,,1,83,1,,12,57,10,21,2,2,,,2,1,1,,,,,,,,
6,10,,10,,,17,30,19,0,3,3,13,5,1,83,1,,4,91,9,17,,1,,,4,,,1,1,,,,,,
7,16,6,29,,8,22,46,10,0,2,8,10,1,,72,4,,25,61,14,43,,1,5,1,,,,,,,,,,,
8,10,,26,,3,63,49,15,0,1,3,5,1,,188,2,,18,91,18,49,1,3,14,,,,,,1,2,,,,,
9,10,,24,,2,27,35,13,0,4,3,31,1,,121,2,2,14,92,13,22,,,1,1,,,,1,,,,,,,
10,7,14,9,,1,17,20,4,0,5,3,14,2,,110,3,,9,99,8,13,,1,2,,,,,,,,,,,,
11,1,,43,,3,13,27,4,0,1,3,7,,,91,1,,3,102,12,15,,,3,,,,,,,,,,,,
12,4,18,20,,8,38,55,28,0,2,2,13,3,3,120,1,,12,89,18,37,,1,2,,,1,,,,,1,,,,
13,6,,16,1,2,12,46,8,0,7,6,21,2,,152,1,,9,151,10,16,,10,3,,,,,,3,,1,,,,
14,24,1,59,,6,52,88,33,0,7,4,4,4,3,211,1,1,19,131,32,86,1,2,24,,4,,,,2,,,,,,
15,12,2,4,,8,39,53,6,0,4,2,2,1,1,124,2,,3,69,7,28,,3,2,,,,,,,,,,,,
16,3,10,12,,3,21,20,5,0,1,2,11,,1,63,1,,11,76,12,23,,4,4,,,,,,,,,,,,
17,6,7,21,,3,26,48,17,0,2,1,6,1,,119,1,1,8,97,15,18,,,1,,1,,,,1,,,,,,
18,14,3,20,,10,55,85,23,0,5,3,12,2,1,134,4,,12,96,42,44,2,3,,,1,,1,,2,,,,,,
19,18,3,36,,5,56,87,29,0,5,3,69,6,3,199,1,2,25,130,27,63,1,3,13,,2,1,,2,2,,,,,,
20,11,,24,2,4,32,54,14,0,4,4,4,1,5,100,1,2,12,90,16,26,1,2,3,,,1,,,,,1,,,,
21,24,31,16,,,41,52,22,0,2,6,16,3,,108,3,,10,82,19,38,,1,6,,,,1,,,,,,,,
22,5,,13,,,22,33,9,0,4,4,5,2,,143,1,,10,102,36,22,2,,1,1,,,,,,,1,,,,
23,5,5,6,3,1,17,10,19,0,2,3,4,,1,61,1,,4,45,5,14,,1,,,,1,,,,,,,,,
24,9,4,17,,2,26,34,15,0,1,1,8,,1,116,6,,13,89,26,32,,,1,,1,,,,1,,,,,,
25,6,,26,,3,36,35,16,0,10,5,8,2,,110,1,,7,113,24,41,,1,4,,,3,,,1,,,,,,
26,1,,,,1,,,4,0,,3,2,1,,1,1,,,20,,1,,,,,,,,,,,,,,,
27,6,6,7,,4,15,42,8,0,3,1,28,1,,62,1,,9,110,10,21,,3,3,,,,,,1,,,,,,
28,3,2,11,,1,57,31,7,0,4,4,2,,,78,1,,10,57,11,50,1,2,1,,,,,,2,,,,,,
29,3,2,14,,3,13,57,8,0,4,9,19,,,135,2,,4,71,14,39,,,2,,1,,,,,,,,,,
30,6,2,6,1,4,24,36,15,0,1,3,4,1,,37,1,,7,58,18,23,,2,,1,,,,,1,,,,,,
31,2,15,1,,1,40,30,5,0,2,1,7,,1,123,2,,2,89,6,38,,5,1,,,,,,,,,,,,
32,6,,8,,1,24,16,11,0,15,4,12,2,,124,1,,11,133,6,19,,,21,,1,,,,1,,,,,,
33,,,,,,2,1,4,0,,1,2,,,,1,,,20,1,2,,,,,,,,,,,,,,,
34,,,,,,,1,4,0,,1,4,,,1,1,,1,23,1,1,,1,,,,,,,,,,,,,
35,11,,15,,2,23,48,22,0,1,2,6,,,47,1,,5,56,20,19,,,1,,,,,,,,,,,,
36,,,,,,,1,3,0,,2,2,,,,1,,,25,,,,,,,,,,,,,,,,,
37,,,,,,,1,3,0,,2,2,,,,1,,,25,,,,,,,,,,,,,,,,,
38,9,,14,,3,22,39,7,0,3,8,16,2,1,135,1,1,5,85,22,10,,4,,,,,,,,,1,,,,
39,13,20,9,,2,26,46,21,0,1,2,6,1,,86,1,,4,77,11,17,1,1,3,2,,,,,1,,,1,,,
40,5,7,10,,4,42,76,12,0,,5,7,1,,86,1,,7,68,9,46,2,,,1,,5,,,,,,,,,
41,,,,,,,1,3,0,,1,2,,,,1,,,23,1,1,,,,,,,,,,,1,,,,
42,10,10,14,,2,17,25,10,0,2,1,13,,1,73,3,,13,60,7,13,1,,5,,,,,1,,,1,,,,
43,,,,,,,1,4,0,,1,4,,,1,1,,1,23,1,1,,1,,,,,,,,,,,,,
44,7,1,46,,2,12,14,6,0,2,9,103,,4,61,1,,5,104,6,11,,1,,,,,,,,,,,,,
45,20,,16,,2,22,22,15,0,4,4,19,2,1,63,1,,13,64,18,23,6,3,5,1,,,,,,,,,,,
46,,,,,,1,1,5,0,,1,3,,,,1,,,25,,1,,,,,,,,,,,,,,,
47,4,14,17,,1,20,9,8,0,2,8,10,1,1,120,1,,2,96,46,10,,,9,,,,,1,,,,,,,
48,8,10,16,,3,12,45,15,0,2,2,12,,2,70,1,,16,70,12,10,,,1,,,,,,,,,,,,
49,5,3,20,,5,33,31,8,0,4,4,5,,32,128,1,,11,88,17,17,2,1,4,,,,,,,,,,,,
50,1,,5,,,34,36,5,0,2,4,4,,1,24,1,,22,87,6,10,,1,,,1,,,,,,,,,,
51,,,,,,,1,3,0,,2,2,,,,1,,,25,,,,,,,,,,,,,,,,,
52,3,1,23,,33,27,20,11,0,2,4,3,,,37,2,,23,77,10,25,,1,1,2,,,,,,1,,,,,
53,,,,,,1,1,5,0,,1,3,,,,1,,,25,,1,,,,,,,,,,,,,,,
54,8,12,17,,10,29,36,11,0,2,1,17,2,4,77,2,,11,139,15,31,,1,,,2,,1,,,,1,,,,
55,1,1,4,,,4,8,6,0,3,1,3,,,10,1,1,1,32,2,6,,,,,,,,,,,,,,,
56,,,,,,,1,4,0,,1,3,,,,1,,1,21,1,,,,,,,,1,,,,,,,,
57,12,17,14,,3,17,18,20,0,3,5,30,,,75,7,,7,75,8,21,1,,1,1,,,,1,1,,,,,,
58,,,,,1,,,3,0,,2,2,,,,1,,,24,,,,,,,,,,,,,,,,,
59,2,4,6,,,16,33,5,0,2,3,6,,,35,4,,5,60,18,5,2,,2,,,,,,,,,,,,
60,,,,,1,,,3,0,,2,3,,,,1,,,24,,,,,,,,,,,,,,,,,
61,10,4,28,,,48,60,12,0,10,5,22,1,2,185,2,,11,134,45,31,1,5,,1,,,,,,,,,,,
62,4,16,40,,3,23,71,12,0,5,2,37,,1,109,1,,18,97,44,27,1,,1,1,,,,,1,,,,,,
63,,,,,,,1,3,0,,1,3,,,,1,,,24,1,,,,,1,,,,,,,,,,,
64,,,,,1,,,3,0,,2,2,,,,1,,,24,,,,,,,,,,,,,,,,,
65,37,,25,,19,48,66,30,0,3,2,16,,6,237,10,1,38,99,9,18,,2,5,2,,,,,,,,,,,
66,16,1,25,,3,19,41,12,0,4,7,10,1,1,75,4,,12,104,18,18,,1,7,2,1,,,,,,,,,,
67,16,2,8,,2,35,38,34,0,4,7,21,2,2,86,2,,16,153,33,20,,3,25,2,3,,,1,9,,1,,,,
68,21,,13,,24,33,37,7,0,7,2,14,,,84,3,,31,144,12,6,,,7,1,,,1,,,,,,,,
69,18,,12,,7,34,41,17,0,4,5,18,3,1,143,3,,10,111,13,23,,8,11,,2,,,,1,,,,,,
70,16,,15,,3,45,30,10,0,4,5,10,,3,95,2,,25,114,19,34,,2,8,2,,,1,,,,,,,,
71,25,10,16,,2,23,49,15,0,4,7,19,1,2,106,3,,21,143,11,23,1,6,15,1,,,,,,,1,,,,
72,10,3,7,,2,38,58,28,0,26,7,9,,2,113,3,,13,151,9,19,,3,10,1,1,,,,2,,,,,,
73,10,1,7,,1,15,10,11,0,3,8,7,2,2,35,3,,8,109,4,20,1,,1,1,,2,,,,,,,,,
74,8,1,11,,3,18,33,8,0,3,3,7,,3,50,2,,17,75,9,14,1,,3,,,,,,,,1,,,,
75,47,,6,4,5,19,84,14,0,4,5,11,,1,233,36,,14,52,8,11,3,2,2,,,,,,,,,,1,,
76,21,,13,,24,33,37,7,0,7,3,14,,,84,3,,31,144,11,6,,,7,,,,1,,,,,,,,
77,28,20,25,2,4,33,54,19,0,8,2,16,10,,150,4,,28,67,33,31,,3,3,1,2,,1,,1,,,,,,
78,47,,7,4,4,18,83,14,0,4,3,12,,1,234,36,,16,51,9,12,3,3,2,,,,,,,,1,,1,,
79,6,11,21,1,4,25,39,9,0,,5,7,,,70,2,,3,59,13,14,,,1,1,,,,,,,,,,,
80,26,6,6,1,3,30,32,12,0,6,4,8,4,3,78,6,,26,91,10,29,1,1,11,3,3,,,,1,,,,,,
81,24,1,34,,7,60,63,25,0,9,11,15,6,5,130,5,1,27,113,42,59,1,9,31,,3,,3,,3,,1,,1,,
82,2,2,9,,,6,10,8,0,3,4,7,,1,22,2,,2,97,5,8,,1,2,4,,,,,,,,,,,
83,7,,3,,2,18,18,13,0,4,4,14,,,33,2,,9,64,14,7,,1,4,1,1,,,,,,,,,,
84,12,,18,,4,22,39,13,0,12,4,11,,,93,3,,23,93,34,11,,2,9,,,,,,2,,,,,1,
85,10,1,16,1,8,20,22,14,0,3,3,11,,2,71,3,1,13,91,14,17,,5,13,,1,,1,,1,,1,,,,
86,15,,8,,1,27,33,17,0,5,8,16,,,72,2,,16,104,9,22,,7,6,,,,,,,,,,,,
87,13,10,19,,6,26,44,17,1,2,3,1,5,3,35,1,,23,32,19,26,1,1,14,1,,,1,,,,,,,,
88,3,2,24,,1,23,25,9,1,1,,2,,2,53,1,,13,58,4,21,,15,12,1,,,,,,,,,,,
89,9,2,3,,4,24,10,3,1,2,5,4,2,,11,1,,14,35,4,25,1,,10,2,,,,,,,,,,,
90,18,7,31,,12,11,37,28,1,6,3,7,,,22,20,,12,53,26,12,,3,6,1,1,,,,,,,,,,
91,10,9,5,,2,13,20,5,1,3,,2,2,,31,2,,9,47,15,13,,,10,1,,,,,,,1,,,,
92,15,7,15,,1,15,11,9,1,4,1,10,,1,17,2,,8,51,5,26,1,1,2,1,1,,,,,,1,,,,
93,14,4,10,,4,13,17,8,1,8,8,6,1,1,52,6,,19,46,2,17,,4,10,1,,,,,,,,,,,
94,40,4,18,,2,15,16,12,1,9,5,,1,2,60,3,1,6,36,7,46,1,2,12,1,4,,,,,,,,,,1
95,15,1,18,,5,14,58,4,1,3,1,1,1,4,33,1,,10,43,44,11,,,3,1,,,1,,,,,,,,
96,6,14,11,,6,27,25,14,1,7,4,1,1,1,40,2,,20,34,21,25,,,10,1,1,,,,,,1,,,,
97,1,6,28,,,16,8,22,1,,,1,,1,40,3,,4,42,8,18,,,1,1,,,2,,,,,,,,
98,2,1,5,,1,5,3,5,1,1,,2,,2,9,1,,2,24,4,8,1,1,1,1,,,,,,,1,,,,
99,51,1,7,,2,27,15,16,1,4,1,,5,1,35,1,,18,36,7,16,1,,7,1,,,,,,,,,,,1
100,12,15,7,,2,22,22,4,1,2,,1,,,47,4,,21,35,6,20,,,8,1,,,,,1,,,,,,
101,31,5,4,,,27,32,5,1,3,1,1,4,,26,3,8,6,62,16,25,,1,4,1,,,3,,,,,,,,
102,6,8,5,,2,10,22,9,1,5,7,1,4,,60,1,,25,39,16,4,4,3,1,1,,,,,,,,,,,1
103,10,,6,,4,39,28,16,1,,3,3,1,,34,1,,8,34,14,31,4,2,1,1,,,1,,,,,,,,
104,3,14,12,,2,10,19,8,1,2,1,3,,2,49,1,,12,37,3,14,3,1,8,2,,,,,,,,,,,
105,13,9,2,,,25,17,9,1,3,4,,,1,39,6,,19,42,6,21,,1,1,1,,,,,,,,,,,
106,7,25,17,,1,18,30,8,1,9,2,1,,,34,2,,10,44,12,34,,4,12,1,,,,,,,,,,,
107,6,4,9,,1,6,9,4,1,3,1,4,,,43,4,,7,44,,12,3,6,4,3,,,,,,,,,,,
108,7,35,10,,6,12,35,7,1,3,5,1,,2,70,4,,9,44,11,10,,2,3,1,,,,,,,3,,,,
109,3,4,16,,8,21,31,8,1,3,3,,2,,60,1,4,15,40,15,29,,,7,1,,,,,,,,,,,
110,9,6,2,,3,17,21,7,1,20,4,1,,4,45,2,,22,44,14,7,,3,4,1,,,3,,,,,,,,
111,7,10,10,,2,19,23,5,1,2,,2,,,36,2,,11,48,6,22,,2,4,2,2,,,,,,,,,,
112,4,3,2,,,29,15,9,1,,1,2,,1,8,1,,5,38,7,36,1,3,2,8,,1,,,,,,,,,
113,24,5,12,,5,12,20,5,1,4,2,7,,,36,1,,7,41,14,11,,1,3,1,,,,,,,,,,,
114,12,9,24,,1,10,33,2,1,3,,5,,,67,3,,7,58,17,22,,,2,3,4,,1,,,,,,,,1
115,21,4,14,,4,53,14,6,1,3,4,,1,,44,14,,18,45,14,26,1,1,3,1,,,1,,,,,,,,
116,4,20,9,,5,36,29,16,1,19,5,2,1,1,21,1,,19,53,14,28,,4,4,1,,,,,,,1,,,,
117,9,11,14,,9,15,24,7,1,3,16,1,1,,54,4,,5,37,6,18,,1,5,1,,,,,,,,,,,
118,11,4,14,,,12,14,6,1,,3,2,,2,23,7,,11,114,5,18,,1,2,2,,,1,,,,,,,,
119,11,10,8,,,16,36,9,1,5,5,1,4,2,58,1,,19,62,3,12,,,1,1,,1,,,,,,,,,
120,7,4,13,,,30,16,5,1,14,3,1,3,2,31,4,,18,37,7,49,1,,2,1,,,,,,,,,,,
121,18,10,7,,2,21,26,2,1,8,2,8,,2,41,22,,3,57,14,22,,,7,1,,,1,,,,1,,,,
122,1,8,6,3,5,13,9,9,1,,1,,,,28,1,,25,56,10,8,,,3,1,,,,,,,,,,,
123,11,13,13,,3,10,30,5,1,1,33,2,,,60,1,,9,41,13,28,,1,8,1,1,1,1,,,,,,,,
124,16,,23,,1,12,75,3,1,1,3,1,6,5,48,1,4,14,57,43,18,,,5,1,,,1,,,,,,,,
125,9,2,8,,7,7,12,4,1,2,,7,,,27,3,,13,32,9,5,,7,7,1,,,3,,,,,,,,
126,7,2,12,,5,32,21,12,1,1,12,5,3,1,34,2,,8,57,11,33,,4,5,2,,,,,,,,,,,
127,12,,18,,,25,10,7,1,4,9,4,,1,26,2,,17,43,37,23,,,4,1,,,,,1,,,,1,,
128,15,7,14,,2,18,14,7,1,4,1,11,,1,17,1,,7,50,4,27,,1,2,2,2,,,,,,,,,,
129,5,13,3,,,12,20,5,1,25,20,1,,,64,1,,6,65,5,6,,1,5,2,1,,,,,,,,,,2
130,3,,4,,1,5,5,5,1,,2,1,1,,9,1,,3,16,1,9,1,1,2,1,,,2,,,,,,,,
131,1,,,,1,1,1,1,1,,1,1,,,,1,,,20,,2,,,1,1,,,,,,,,,,,
132,2,6,9,,1,20,27,10,1,4,,1,,1,28,1,,17,120,3,20,,1,11,1,,,,,,,,,,,
133,28,12,11,,1,15,26,21,1,1,3,5,5,,75,7,,33,43,7,20,4,6,5,1,4,,4,,,,,,,,
134,26,14,4,,,21,13,9,1,5,6,4,3,2,46,1,,10,42,24,15,13,5,3,1,2,,,,,,1,,,,
135,5,4,1,,11,18,18,14,1,1,1,2,,,16,1,,5,41,12,13,,,1,1,,,,,,,,,,,
136,4,4,15,3,4,21,11,14,1,3,2,,1,,40,2,1,12,36,18,14,,1,1,1,,,1,,,,,,,,
137,8,12,6,,2,14,17,9,1,2,8,1,,4,50,5,,9,38,6,15,,2,10,1,,,,,,,,,,,
138,8,20,8,3,11,11,10,2,1,3,7,3,,,33,1,,31,37,25,16,,,2,1,1,,,,,,,,,,
139,6,7,6,,1,23,11,6,1,3,3,2,,,29,1,1,14,37,8,14,3,,2,1,,,,,,,,,,,
140,6,17,10,,4,19,23,13,1,3,7,7,2,1,54,2,5,10,58,8,21,1,,1,1,,3,1,,,,,,,,
141,10,13,8,,2,5,26,6,1,11,,1,,3,26,2,,4,46,18,4,4,3,2,3,,,,,,,3,,,,
142,14,5,7,,2,40,29,10,1,6,7,3,,7,39,1,,31,40,11,25,,,1,1,,,,,,,,,,,
143,5,1,6,,6,20,33,6,1,10,2,1,,,52,1,5,10,33,6,17,,3,5,1,,,,,,,,,,,
144,14,6,9,,,30,18,14,1,6,4,,9,,31,1,,19,43,16,32,,,5,1,1,,,,,,1,,,,
145,8,7,11,,2,19,17,5,1,3,,3,,,44,5,,15,42,4,25,,8,5,1,2,,,,,,,,,,
146,20,1,,,2,22,43,8,1,,,1,2,,57,2,8,18,42,12,14,1,7,1,1,,,,,2,,,,,,
147,4,4,4,,3,20,13,2,1,5,3,1,,,12,1,,5,23,7,38,,1,1,10,,1,,,,,,,,,
148,23,2,17,,5,8,55,3,1,3,1,1,1,4,39,1,,8,54,40,17,,,3,1,,,1,,,,,,,,
149,4,2,3,,,14,9,8,1,4,6,,2,,31,1,,9,32,4,21,,,5,1,,,,,,,,,,,1
150,36,1,1,,,42,74,1,1,1,7,1,1,1,56,45,,3,22,8,54,,,10,1,,,,,,1,,,,,
151,27,5,6,,,28,21,4,1,3,3,1,1,,25,2,,7,58,13,24,,1,6,1,,,3,,,,,,,,
152,5,10,9,,4,20,25,4,1,6,3,3,,,33,1,,6,50,9,15,,,5,1,,,,,,,,,,,
153,1,,,,,1,2,1,1,,,1,,,,1,,,20,1,2,,,1,2,,,,,,,,,,,
154,6,3,2,,,29,12,9,1,,1,4,,1,8,2,,6,35,8,38,1,3,2,9,,,1,,,,,,,,
155,8,31,4,,1,16,10,2,1,10,2,1,,1,19,1,,23,53,3,22,6,1,4,1,1,,,,,,,,,,
156,11,1,19,,,19,14,8,1,5,,1,4,2,22,1,,21,57,14,20,1,3,1,1,,,,,2,,,,,,
157,1,,,,,1,2,2,1,,,1,,,,1,,1,17,1,2,,,1,1,,,1,,,,,,,,
158,12,5,8,,1,20,17,5,1,,2,,3,,25,5,,48,52,3,21,,,1,3,1,,,,,,,,,,2
159,5,8,22,2,2,29,14,30,1,,,1,,,53,1,,3,73,4,16,,,1,1,,,,,,,,,,,
160,8,,,,,23,4,10,2,,1,1,,,,,,26,27,3,26,4,,,,1,,,,,,2,,,,
161,,,,,,,2,4,2,,1,2,,,,,,1,19,1,,,,,,1,,1,,,,,,,,
162,7,5,6,,1,17,23,9,2,3,5,3,2,1,31,,,13,32,7,17,,,,,1,,,,,,1,,,,
163,7,1,12,,5,17,14,13,2,4,5,2,,,43,,,21,41,9,19,1,1,1,,1,,,,,,1,,,,
164,8,7,1,,3,17,13,16,2,4,5,4,2,,33,,,10,36,6,17,,1,7,,5,,,,,,,,,,4
165,15,8,11,,3,13,15,8,2,6,4,3,7,1,52,2,,12,53,7,15,4,2,4,,4,,,,,,2,,,,
166,11,4,6,,6,10,13,10,2,1,4,2,,,37,,,10,35,2,2,,3,1,,1,,,,,,,,,,
167,15,4,8,,1,13,17,6,2,6,10,4,5,3,60,3,,12,54,7,12,2,1,5,,4,,,,,,,,,,
168,1,,,,1,,1,4,2,,3,1,1,,1,,,,18,,1,,,,,1,,,,,,,,,,
169,11,1,7,,3,19,23,16,2,1,6,22,,,41,2,,14,45,11,14,,,4,4,1,2,1,,,,,,,,1
170,3,15,6,,1,22,19,9,2,7,1,4,2,,28,,,6,44,26,21,2,3,3,,1,,,,,,,,,,
171,19,8,15,,2,18,40,11,2,7,10,1,7,4,58,,,15,35,9,19,1,2,10,,1,2,2,,,,,,,,
172,9,2,12,,3,21,21,10,2,1,1,4,1,2,23,,,15,35,11,28,3,,4,1,1,,,,,,,,,,
173,9,1,4,,5,12,21,6,2,3,8,1,2,,28,,,3,37,4,5,2,2,5,,1,,,,,,,,,,1
174,7,8,12,1,4,17,36,18,2,7,7,6,1,1,88,3,,13,53,11,19,,7,11,1,2,,1,,,1,,,,,
175,25,3,13,1,5,44,37,19,2,8,6,9,,1,105,5,,15,83,20,33,1,3,4,,2,,,,,,2,,,,
176,10,11,13,,7,22,28,9,2,7,7,1,2,3,66,,,16,48,19,11,,2,3,,2,,,,,,,,,,
177,5,6,2,,2,3,8,11,2,5,2,4,,,19,,,11,34,9,3,,2,3,,1,,1,,,,1,,,,
178,2,7,7,,1,38,51,15,2,3,4,6,,2,61,1,,11,129,7,29,,1,6,,1,,,,,2,1,,,,
179,10,5,18,,5,26,31,18,2,9,15,7,5,,68,1,,8,65,13,18,,8,2,2,1,1,,,,,3,,,,1
180,5,18,6,2,9,27,39,14,2,,3,7,,,68,1,,26,29,18,11,,3,,,2,1,,,,,,,,,
181,6,5,27,,2,23,81,14,2,4,6,5,,,48,1,,4,64,19,11,1,,2,,1,,,,,,,,,,
182,4,3,6,,1,38,40,13,2,16,4,3,2,,55,,,14,42,15,27,1,3,4,1,1,,,,,,,,1,,
183,4,12,23,,7,19,44,14,2,5,12,6,2,,86,,,23,65,18,26,,,8,,2,,1,,,,2,,,,
184,7,13,11,,9,21,22,9,2,6,6,9,1,1,66,1,,16,40,14,14,1,8,1,1,3,1,,,,,,,,,
185,11,1,1,,4,14,21,12,2,6,3,2,2,,58,1,,6,53,6,13,,,3,1,1,,1,,,,,,,,
186,,,,,,,2,3,2,,1,1,,,,,,1,20,1,1,,,,,1,,,,,,1,,,,
187,4,2,4,,4,10,16,14,2,4,2,5,,1,37,,,10,37,11,3,,2,1,,2,1,,,,,,,,,
188,3,3,5,,2,12,9,7,2,,3,2,,1,25,1,1,6,29,2,16,,,2,2,1,,,,,,,,,,
189,4,2,3,,2,7,24,13,2,1,2,3,,,40,1,,2,23,1,,,3,,,1,,1,,,,,,,,
190,9,7,8,,3,24,52,19,2,10,9,2,1,,72,2,,26,63,19,15,,4,3,1,2,,1,,,,,,,,
191,8,,40,,1,10,48,5,2,1,3,2,2,1,52,2,,8,70,8,14,,1,9,,1,,,,,,,,,,
192,5,19,2,1,4,10,16,8,2,2,3,3,2,1,58,1,,10,60,3,7,,6,4,,1,,,,1,,1,,,,
193,10,11,9,,2,36,37,17,2,6,2,4,1,2,82,1,,13,61,14,25,,2,5,,3,,,,,,,,,,
194,10,11,21,,4,22,38,5,2,7,8,2,,1,36,3,,9,37,3,36,2,5,4,,1,,,,,,,,,,
195,2,3,1,,1,3,10,4,2,1,3,1,2,,13,,,3,38,7,3,,,,,1,,,,,,,,,,
196,8,11,14,1,1,21,31,14,2,2,5,5,2,,60,1,,15,50,12,15,,3,2,,4,,,,1,,,,,,
197,27,9,9,,1,19,46,10,2,2,4,2,5,1,54,11,4,3,47,3,22,3,2,11,,1,,,,,,,,,,
198,,,,,,2,2,4,2,,1,1,,,,,,,18,1,2,,,,,1,,,,,,,,,,
199,8,9,6,,5,22,38,9,2,3,3,3,,,52,,,6,46,13,15,,4,3,2,1,,,,1,,,,,,
200,8,11,7,,1,26,9,20,2,2,3,2,2,,33,,,7,45,3,27,,1,4,,2,,,,,,,,,,
201,21,3,2,,1,18,16,9,2,3,5,2,1,,37,1,,2,49,7,14,4,2,,,1,1,1,,,,,,,,2
202,9,7,6,,1,17,22,9,2,2,7,1,,,33,,,10,50,20,4,1,,11,,1,,,,,,1,,,,
203,12,1,13,1,1,20,17,6,2,7,7,6,1,,28,,1,19,36,14,20,,1,3,5,1,,1,,,,,,,,
204,5,12,12,,1,5,27,12,2,2,6,2,1,,47,,,12,39,13,9,,2,1,,1,,,,,,,,,,
205,,,,,1,,1,3,2,,2,1,,,,,,,22,,,,,,,1,,,,,,,,,,
206,16,5,11,,10,6,20,11,2,2,10,9,,,55,1,,9,40,22,1,,17,,,1,,,,,,,,,,6
207,5,1,3,,6,6,10,4,2,3,1,3,2,,32,,,19,38,4,6,1,6,,,1,4,,,,,1,,,,
208,16,3,1,,3,17,27,15,2,1,8,2,1,,79,,,9,62,7,15,,10,3,,3,1,1,,,,,,,,
209,10,8,8,,6,9,31,8,2,5,7,2,1,,57,3,,11,42,6,6,,4,,,1,,2,,,1,,1,,,
210,17,5,8,,3,25,26,14,2,6,3,6,2,1,56,2,,13,55,10,24,1,3,5,1,1,,1,,1,,,,,,
211,7,2,4,,2,16,15,8,2,6,7,4,4,,49,,,16,52,11,15,2,2,8,2,1,,1,,,,,,,,
212,20,,12,,2,1,54,13,2,,1,5,13,2,187,2,,8,70,9,1,,2,,,1,,,3,26,,1,,,,
213,10,4,6,,4,23,25,12,2,6,4,4,5,1,39,,,17,47,6,17,,,1,1,1,,2,,,,1,,,,
214,,,,,,,2,4,2,,1,2,,,,,,,21,,,,,,,1,,,,,,,,,,
215,,,,,,,2,3,2,,1,2,,,,,,,22,,,,,,,1,,,,,,,,,,
216,6,7,9,,5,12,20,14,2,7,6,2,,,59,,,3,56,19,5,1,2,,,1,,,,,,1,,,,
217,12,5,8,,1,13,26,4,2,7,4,2,4,1,38,1,,9,39,16,12,,4,1,3,1,1,,,,,,,,,
218,13,2,4,,4,21,26,11,2,3,10,6,1,,54,1,,15,48,16,10,,2,2,,2,,,,,1,,,,,1
219,11,16,6,,,18,17,10,2,13,6,11,1,2,67,2,,16,39,11,23,1,3,9,,3,,,,,,1,,,,
220,4,6,12,,1,6,43,7,2,4,1,2,,,55,,1,11,25,12,1,,,,,2,,,,,,,,,,
221,9,5,8,,7,27,33,13,2,5,2,4,,,51,,,7,43,37,7,,2,,,1,,5,,1,,1,,,,
222,6,10,9,,3,12,19,7,2,4,4,2,,1,36,,,16,26,16,4,,6,,1,6,,1,,,,,,,,
223,2,8,6,,,11,17,5,2,3,1,3,,,27,,,12,24,7,13,,1,,,1,,,,,,,,,,
224,14,5,19,1,5,33,51,12,2,9,9,4,7,,91,1,,19,57,20,41,2,1,8,,1,,,,,,1,,,,
225,,3,3,,,12,19,7,2,,6,5,,1,28,,,8,45,18,5,,,,,1,1,1,,1,,,,,,
226,,,8,,10,10,5,4,2,3,4,4,,,19,,,3,32,7,7,,,5,,2,,1,,,,,,,,
227,5,4,14,,3,13,25,7,2,8,6,4,,,35,1,,14,45,16,9,,2,1,,3,,,,,,,,,,
228,15,17,12,1,2,11,48,14,2,6,10,4,2,,64,3,,15,33,17,4,,,,,1,,,,,,1,,,,
229,,,5,,1,7,5,5,2,1,3,2,,,17,,,3,32,3,7,,2,,1,1,,,,,,,,,,
230,,1,2,,1,5,3,5,2,1,3,4,,,5,,,,23,,5,,,,1,1,,,,,,,,,,
231,1,,5,,2,20,14,6,2,1,2,2,,,23,1,1,5,30,5,10,,,1,,1,,,,,,1,,,,
232,14,,10,,1,21,30,9,2,6,5,7,,,41,1,,10,36,10,21,3,1,2,,1,,,,,,,,,,
233,,,,,1,,1,3,2,,2,2,,,,,,,22,,,,,,,1,,,,,,,,,,
234,10,10,17,,1,7,25,13,2,1,6,8,2,,44,5,,9,43,10,11,2,3,,2,1,,,,,,,,,,
235,9,3,1,,5,9,15,8,2,,6,2,2,,16,,,2,25,9,4,1,5,2,1,2,,,,,,,,,,
236,,,,,,2,2,4,2,,1,1,,,,,,,18,1,2,,,,,1,,,,,,,,,,
237,3,4,4,,3,6,9,7,2,1,4,4,1,,27,,,3,41,9,3,,,,,2,,,,,1,,,,,
238,5,,1,,4,9,15,10,2,1,3,2,3,,31,,,9,33,6,6,1,1,1,1,1,,1,,,,,,,,
239,16,2,4,,6,29,16,19,2,4,7,1,2,,31,3,1,8,47,13,18,,,12,1,3,,,,,,1,,,,
240,5,5,5,,,13,13,8,2,1,5,3,3,2,47,,,11,37,9,13,,,,,2,,,,,,,,,,
241,8,4,25,1,5,3,12,15,2,1,3,2,5,,23,2,,5,31,7,12,,,2,,1,,,,,,,,,,
242,3,5,6,,5,26,12,5,2,2,2,26,,,21,1,1,9,34,15,8,1,,1,,1,,,,,,,,,,
243,8,1,2,,4,13,15,9,2,1,1,2,,1,18,,,10,32,8,11,1,1,,,2,,,,,,1,,,,
244,5,18,7,,6,17,10,10,2,,3,3,1,1,31,1,,5,51,12,14,,1,2,,1,,,,,,,,,,1
245,,8,12,,6,6,17,7,2,,2,2,,1,25,,,4,41,19,5,,,,1,1,,1,,,,,,,,
246,8,3,,,1,10,13,11,2,4,3,1,,,26,2,,12,46,3,,,,,1,1,,,,,,,,,,
247,,,,,,,2,4,2,,1,2,,,,,,,21,,,,,,,1,,,,,,,,,,
248,5,11,7,,3,12,30,11,2,2,1,5,5,,53,,,10,34,13,15,,1,,1,1,,,,,,,,,,3
249,8,7,1,1,,7,19,4,2,3,1,1,,,21,,,5,34,13,10,2,,,,1,,1,,,,1,,,,1
250,7,7,4,,1,15,16,6,2,1,8,2,1,,50,,,4,34,11,8,,,1,,1,,4,,,,,,,,
251,2,1,11,,4,18,19,11,2,,2,2,,,21,,,18,37,7,10,,,1,,1,,,,,,,,,,3
252,5,2,5,,,6,11,11,2,3,4,4,1,,47,,,6,57,14,2,,,,,2,,1,,2,,,,1,,
253,2,3,9,1,1,6,16,3,2,2,3,3,,,42,,,1,22,17,1,,,1,1,2,,,,,,,,,,
254,5,3,9,,5,9,24,10,2,1,5,3,3,,48,,,8,35,25,3,,,,,1,,,,,,1,,,,
255,9,3,1,,2,15,17,5,2,4,2,1,1,3,43,,,14,34,5,16,,,,,1,,1,,,,1,,,,
256,3,13,,,3,3,21,7,2,11,8,1,,,52,,,2,34,8,,3,2,,1,1,,,,,,5,,,,
257,2,1,4,,5,14,16,8,2,13,2,2,,,31,,,9,35,8,11,,1,3,1,1,,,,,,,,,,1
258,12,7,5,,1,25,25,4,2,2,5,7,1,1,29,2,,6,38,22,15,,2,,,2,,1,,,,1,,,,
259,2,6,9,,3,7,17,5,2,6,7,5,1,1,37,,,10,52,19,3,,4,3,1,3,,3,,,,,,,,
260,,7,5,,3,11,12,16,2,5,4,1,,2,35,,,10,31,8,5,,1,,,2,,1,,,,,,,,
261,3,4,16,,8,7,10,8,2,2,3,2,,1,49,,,7,53,7,5,3,,,,1,,1,,,,,,,,1
262,4,4,8,,5,17,44,7,2,6,3,5,2,,44,,,8,54,28,3,,,,1,1,,,,,,,,,,
263,3,10,8,,3,9,22,12,2,15,2,4,,1,40,3,,7,69,28,7,,,1,,3,,,,,,,,,,
264,9,4,2,,1,11,11,8,2,3,5,4,6,1,22,,,4,38,10,13,,,2,,1,,,,,,,,,,
265,3,8,4,,6,3,8,7,2,,3,5,1,,19,,,6,33,9,2,,,,,1,2,,,,,,,,,1
266,3,,,,2,10,16,5,2,1,2,3,2,,18,,,4,24,6,4,3,1,,,3,,,,,,,,,,
267,3,8,12,,5,6,21,5,2,2,2,3,2,,60,,,5,37,11,4,,,,,2,,,,2,,1,,,,
268,2,4,11,1,9,9,19,5,2,4,2,4,,1,34,,,8,25,22,2,,2,,,1,,,,,,,,,,
269,5,3,8,,5,10,16,8,2,2,6,2,4,,29,,,4,37,14,4,,,,,2,,3,,,,,,,,4
270,,1,5,,2,3,11,8,2,1,3,2,,,17,,,4,40,3,2,,,2,,1,,,,,,2,,,,
271,3,8,2,,,13,25,5,2,4,2,2,1,,46,,,8,46,13,17,,,1,,2,,,,,,,,,,
272,7,,,,7,11,23,4,2,1,3,1,4,,32,,,3,19,3,2,,,,,1,,1,,,,,,,,
273,1,7,5,,4,7,16,6,2,3,1,2,,,26,,,3,29,24,,,2,,,1,,,,,,,,,,
274,3,9,10,,2,4,16,7,2,3,2,2,2,,38,,,4,41,11,4,,1,2,,1,,1,,1,,,,,,
275,2,1,7,,5,7,14,5,2,,2,4,1,,20,,,6,36,9,1,,,,,1,,1,,,,,,,,
276,4,3,5,,2,7,11,8,2,2,3,2,2,,22,1,,7,27,10,6,,,1,1,1,,,,,,,,,,
277,2,4,6,,2,8,15,3,2,2,1,2,,,28,,,4,30,5,,,,,,1,,,,,,,,,,
278,2,,10,,4,8,19,10,2,7,2,4,,,41,1,,6,30,9,9,,2,3,,1,,,,,,,,,,
279,8,1,6,,,2,5,7,2,6,1,2,1,,41,2,,3,44,2,,,1,3,,1,,,,,,,,,,
280,,2,6,,1,4,12,3,2,1,1,2,,,16,,,,21,15,,,,,1,1,,1,,,,,,,,
281,2,4,5,,3,4,7,9,2,6,7,2,1,,22,,,3,28,7,6,1,,,,1,,,,,,,,,,
282,3,1,6,,1,11,11,16,2,2,2,2,2,1,23,,,10,41,8,8,,3,5,,1,,,,,,,,,,
283,5,5,3,,1,6,6,7,2,5,2,2,,,14,,,6,25,8,8,,3,4,2,2,,,,,,,,,,
284,2,2,10,,5,8,17,5,2,2,1,3,1,1,31,,,5,32,7,3,,,,,1,,,,,,,,,,
285,,2,4,,1,11,28,5,2,1,2,3,,,62,,,1,27,11,4,,1,,,1,,,,,,,,,,
286,10,4,,,5,11,16,15,2,2,4,5,5,,21,4,,4,40,17,11,1,,4,3,1,,1,,,,,,,,
287,,12,7,,3,3,9,17,2,4,4,2,,1,19,,,6,42,16,6,2,2,2,,1,,,,,,1,,,,
288,12,2,4,,6,15,17,8,2,4,3,6,,,28,4,,6,38,8,14,3,4,8,,1,,,,,,,,,,
289,,,2,,1,1,19,4,2,,1,3,,,44,,,1,22,1,,,1,,1,1,,,,,,,,,,
290,2,6,20,,7,12,23,5,2,3,6,3,2,,27,,,6,40,27,1,,1,,1,1,,2,,,,,,,,1
291,10,3,1,,5,9,15,9,2,,8,1,3,,17,,,2,21,8,5,1,5,2,,2,,,,,,,,,,
292,2,8,11,,3,1,14,3,2,1,1,3,,1,29,,,1,22,20,,,,,,1,,,,,,,,,,
293,3,1,2,,1,8,21,4,2,1,2,12,,,15,,,4,23,16,2,,,,,1,,,,,,,,,,
294,3,6,5,,2,9,14,6,2,,1,3,3,,10,,,7,25,11,8,,,,,1,1,,,,,,,,,
295,1,4,2,,5,11,10,5,2,,1,2,,,10,,,6,21,14,2,,,,,1,,,,,,,,,,
296,1,2,15,,1,9,18,7,2,6,1,3,,2,12,,,7,34,12,17,11,3,3,,1,,,,,,,,,,
297,,,,,1,,1,3,2,,2,1,,,,,,,22,,,,,,,1,,,,,,,,,,
298,7,1,11,2,1,,15,5,2,,4,4,5,,27,,,2,32,7,1,,,,,1,,,,,,,,,,
299,,5,4,,1,4,8,7,2,,2,2,,,6,,,5,25,4,3,,,,,1,,,,,,,,,,1
300,,,,,,,2,4,2,,1,2,,,,,,1,19,1,,,,,,1,,1,,,,,,,,
301,4,5,3,,,6,16,7,2,5,1,3,2,,22,,,5,26,10,2,,,,,2,,,,,,,,,,
302,1,4,1,,4,5,13,6,2,2,1,1,,,27,,,7,21,6,3,1,,1,,1,,1,,,,1,,,,
303,,,,,,,2,4,2,,1,2,,,,,,1,19,1,,,,,,1,,1,,,,,,,,
304,4,5,4,,,3,13,4,2,,2,2,2,,10,,,8,30,1,3,,,1,3,1,,,,,,,,,,1
305,,,,,,2,2,4,2,,1,1,,,,,,,18,1,2,,,,,1,,,,,,,,,,
306,,,,,,,2,4,2,,1,2,,,,,,,22,,,,,,,1,,,,,,,,,,
307,5,2,12,,2,6,14,4,2,4,4,3,2,3,40,,1,1,33,10,4,,2,,,1,,,,,,,,,,3
308,,,,,,,2,3,2,,1,1,,,,,,1,20,1,1,,,,,1,,,,,,1,,,,
309,,,,,,2,2,4,2,,1,1,,,,,,,18,1,2,,,,,1,,,,,,,,,,
310,11,8,4,,5,17,10,4,0,1,2,,1,4,31,7,,6,10,5,14,,12,7,,,,,,,,,,,,
311,8,14,14,,7,17,17,8,0,3,4,2,,,57,1,,15,31,15,20,3,,5,,,,2,,,,,,1,,
312,9,,3,,,12,14,3,0,10,,1,,,21,1,,6,30,9,2,7,,7,1,,,3,,,,,,,,
313,25,1,13,,5,16,41,21,0,5,1,3,,,60,17,,19,40,9,17,,1,4,,,,,,4,,,,,,
314,6,2,4,,2,16,12,4,0,3,7,,16,,22,1,,28,15,15,31,,,16,2,,,,,,,3,,,,
315,1,7,4,,2,12,14,7,0,12,4,1,,,44,,,2,16,7,9,4,2,9,,,,,,,,,,,,
316,4,6,4,,2,9,17,2,0,24,,13,,1,49,,,7,22,16,1,,2,1,,,,,,,,,,,,
317,21,,2,,10,56,16,2,0,6,,2,,,55,4,1,9,23,,38,7,2,9,14,,,,,,,,,,,
318,5,4,6,,,12,27,1,0,4,3,,2,,50,1,,5,35,5,9,,5,8,,,,,,1,,,,,,
319,13,4,8,,9,21,19,3,0,2,1,,1,,49,,4,12,16,16,13,,1,6,,,,,,,,1,,,,
320,14,8,9,,1,18,30,7,0,6,4,1,,1,66,2,,13,55,16,17,,4,9,,,,,,,,,,,,1
321,9,8,14,,3,8,14,,0,1,2,4,4,,40,,,10,28,6,17,3,9,4,,,,,,,,,,,,
322,6,9,17,1,1,17,26,4,0,1,6,17,,4,52,,,11,97,6,17,,,8,,,,,,,,,,,,
323,4,,2,,1,10,1,2,0,,1,2,2,,7,,,6,13,6,3,,1,6,,,,1,,,,,,,,
324,12,9,4,,3,8,9,7,0,5,3,,,,54,,,2,43,5,7,1,,3,,,1,,,,,,,,,
325,5,11,8,,,7,11,3,0,2,1,1,2,1,29,1,,2,32,13,9,3,,5,,,,,,,,,,,,
326,1,,5,1,7,5,21,5,0,2,,,,,24,,,3,26,2,4,,,7,,,,,,,,,,,,
327,2,,,,1,15,5,5,0,1,1,,1,,8,,,14,7,2,15,3,,3,,,,,,,,,,,,1
328,2,4,7,,2,9,6,2,0,2,,7,,,20,,2,5,14,2,12,,,5,,,,,,,,,,,,
329,2,,10,,,12,19,5,0,2,3,6,1,,25,,,8,17,6,17,,,2,,,,,,,,,,,,
330,6,,5,,5,5,6,2,0,2,6,4,4,,15,1,,7,10,5,7,,,6,,1,,,,,,,,,,
331,2,2,10,,,5,14,2,0,1,1,3,,,31,,1,11,9,8,11,,,6,,,,,,,,,,,,1
332,1,2,5,,2,9,8,1,0,6,,2,,,17,,,3,12,3,10,3,,5,,,,,,,,,,,,
333,2,2,17,,1,3,10,2,0,1,1,3,,,31,,,2,8,3,17,,,8,,,,,,,,,,,,
334,3,3,3,,1,11,6,4,0,4,,3,,,29,,,5,13,4,10,,1,7,,,1,,,,,,,,,1
335,5,6,3,,1,7,4,3,0,2,,2,,1,12,1,,3,8,6,8,,2,3,,,1,,,,,,,,,
336,3,,3,,1,4,8,5,0,1,,,,1,30,,,1,20,7,5,,,1,,1,,,,,,,,,,
337,4,8,5,,,12,12,13,0,3,5,,,,53,,,5,40,1,8,,1,1,,,,,,,,1,,,,5
338,18,10,4,,1,6,12,9,0,4,2,5,11,,29,,,20,8,6,18,,3,,,,,,,,,,,,,
339,10,4,12,2,,22,28,8,0,4,2,1,,2,53,4,,12,40,30,22,1,1,7,1,,,2,,,,,,,,
340,19,19,12,,10,7,21,6,0,5,4,3,,1,66,5,,12,46,5,14,,3,,,,,,,,,1,,,,
341,5,15,10,,5,15,14,2,0,2,,2,1,1,62,,,6,24,6,17,1,,2,,,,2,,,,,,,,
342,12,7,6,1,5,10,30,1,0,3,2,14,,,71,1,,5,42,6,2,2,,1,,1,,4,,,,,,,,
343,9,2,4,,,7,18,8,0,1,1,,3,,86,4,,15,54,9,4,,1,1,,2,,,,,,,,,,
344,26,3,14,,3,36,19,8,0,8,2,6,,1,91,6,,11,85,22,36,,3,3,,4,,,,,,,2,,,
345,4,,7,,1,4,55,4,0,6,3,2,,,113,1,,6,47,16,1,,,3,,,,,,,,,,,,
346,11,4,5,,3,16,22,7,0,2,,2,6,,33,,,8,7,11,14,,,9,,,,,,,,,,,,
347,17,7,7,,1,21,16,3,0,1,2,2,,,31,12,,18,63,7,12,,2,,,3,,,,,,,,,,
348,15,1,12,,2,8,36,15,0,2,1,1,9,,46,2,,13,26,17,12,1,4,8,1,,,,,,,3,,,,
349,13,4,3,,1,18,13,14,0,4,2,2,,,39,13,,17,26,21,9,1,2,8,,,1,,,3,,1,,,,
350,22,3,3,1,1,15,26,2,0,4,,1,2,2,49,7,,15,23,19,2,1,5,8,1,2,,,,,,,,,,
351,7,,29,,,15,31,4,0,3,1,4,,12,81,2,,6,66,11,5,,10,1,,,1,,,1,,,,,,
352,15,3,5,,1,14,19,11,0,6,,1,,4,85,12,,,27,10,10,,,3,,,,,,,,2,,,,
353,1,7,15,,2,5,20,7,0,3,1,3,,,53,,6,6,32,16,5,,,,,,,,,,,,,,,
354,6,9,7,,2,12,28,6,0,3,3,,,1,59,,,13,27,26,22,,1,1,,,,,,,,,,,,
355,16,23,15,,4,15,27,3,0,4,4,2,,,55,5,,7,16,9,36,1,2,18,,,,,,,,,,,,1
356,4,8,3,,3,28,32,4,0,1,1,,,,54,1,,11,36,15,9,3,5,2,,,,,,,,,,,,
357,5,24,12,2,1,22,33,1,0,2,7,,1,3,58,,,13,34,30,14,3,2,,,2,,,,,,,,,,
358,19,6,5,,2,53,37,2,0,5,,1,,,52,13,,12,13,7,42,,3,12,,,,,,,,1,,,,
359,12,11,1,,1,29,29,16,0,4,,,,,18,1,3,16,13,9,21,,,4,,,,,,,,,,,,
360,14,5,12,,6,38,33,21,0,8,,1,5,1,60,,,19,14,24,42,6,7,10,,,,,,,,,,,,
361,8,6,15,,,17,29,11,0,7,6,3,1,,55,3,,19,28,11,17,4,4,1,,1,,,,,,,,,,
362,12,4,16,,13,22,27,5,0,3,1,5,7,4,50,,,12,16,13,22,3,,,1,3,,,,,,,,,,
363,7,8,6,,1,12,13,8,0,1,10,1,2,3,36,,1,12,22,2,13,,7,3,,,,,,,,,,,,
364,13,,6,1,,14,24,8,0,2,1,1,9,,43,,,12,32,7,24,,1,4,,,,2,,,,1,,,,
365,5,16,12,1,,5,11,24,0,8,3,8,,,77,1,,1,62,13,10,,3,2,,,,,,,,,,,,
366,21,,4,,4,12,25,6,0,2,,1,1,,78,7,,16,1,13,8,,4,1,,,,,,1,,,,,,
367,11,1,1,,1,14,14,5,0,2,,,7,1,52,1,,11,21,4,18,9,,5,,,,,,,,1,,,,
368,7,12,7,1,10,25,24,11,0,,4,5,5,,49,,,13,36,2,22,,,1,,,,,,,,,,,,
369,12,6,6,,4,45,20,7,0,4,2,2,2,2,45,2,,10,38,3,36,4,1,11,,4,,,,,,,,,,
370,5,4,12,,5,27,27,7,0,2,3,2,,5,80,4,,5,37,12,17,,,2,,,,,,2,,,,,,
371,11,6,6,,4,45,20,7,0,4,3,4,2,2,44,2,,10,48,3,36,4,1,11,,4,,,,,,,,,,
372,14,1,6,1,,13,22,7,0,5,4,4,11,1,46,,1,12,68,8,27,,1,6,,,,2,,,,1,,,,
373,6,5,8,,1,10,10,2,0,4,,7,,,30,,,6,31,8,9,,4,4,,,,,,,,,,,,
374,1,5,3,,3,12,6,5,0,1,18,5,,,46,,,9,18,9,14,2,1,2,,,,,,,,,,,,
375,2,10,6,,1,6,9,7,0,3,4,,,,37,1,,3,35,11,3,6,,2,,1,,,,,,,,,,
376,7,10,8,,,15,17,3,0,2,3,7,,,22,1,,9,21,8,19,,3,4,2,1,,,,,,,,,,
377,5,7,5,,4,17,19,8,0,5,9,4,,,36,,,11,17,7,13,4,2,7,1,,,,,1,,,,,,
378,8,7,5,1,1,16,6,2,0,,,,,,27,,,10,27,2,10,,,,,,2,,,,,,,,,
379,2,6,5,,,14,13,24,0,8,,3,,,35,,,12,8,12,8,,,3,,,,,,,,,,,,
380,4,3,9,3,1,14,22,11,0,8,,3,,,40,2,,12,30,15,14,2,,3,,,,,,,,,,,,
381,,7,1,,3,2,6,3,0,4,4,,,,37,,,1,17,6,5,1,,,,,,,,,,,,,,
382,4,5,,,,23,7,2,0,7,1,,2,,46,1,,1,5,9,21,,,10,,2,,,,,,,,,,
383,9,,1,,1,18,17,4,0,5,3,1,1,,20,,,7,12,10,17,,1,4,,,,,,,,,,,,
384,,,3,,2,28,6,20,0,,1,,,3,41,,,2,17,3,7,,,2,,,,,,,,,,,,
385,4,2,,,,24,18,1,0,3,3,1,,,22,,,10,1,2,24,,,,,,,,,,,,,,,
386,4,1,3,,,10,9,4,0,4,,1,,1,25,,,7,29,4,7,,1,1,,,,,,,,,,,,4
387,3,6,3,,,14,25,,0,,4,2,,,32,3,1,7,28,12,14,,1,7,3,,,1,,,,,,,,
388,1,2,5,,1,15,13,4,0,3,,1,,,26,,,12,22,14,11,1,1,1,,,,1,,1,,,,,,
389,3,6,2,,,11,10,6,0,4,3,,,,39,,,6,45,34,5,1,3,3,,,,,,,,,,,,
390,,11,9,,,1,7,5,0,,,,,,35,,,2,12,3,1,3,7,3,,,,,,,,,,,,
391,6,2,8,,1,7,7,7,0,8,4,,,1,26,,,8,32,17,5,,,1,,,,,,,,,,,,
392,13,1,2,,,7,9,1,0,4,4,,1,,18,5,,1,12,9,2,,2,4,,,,,,,,,,,,
393,4,12,10,,4,14,30,5,0,6,4,2,,,43,2,,13,25,6,9,,6,,,1,,,,,,1,,,,
394,6,5,8,,1,10,10,2,0,4,,7,,,30,,,6,30,8,9,,4,5,,,,,,,,,,,,
395,5,4,1,,1,6,17,2,0,2,,,,2,19,,,9,12,4,9,1,2,8,,,,,,,,,,,,
396,6,7,10,,,13,22,,0,,2,,,,8,,,5,26,17,12,3,,7,,,,,,,,,,,,
397,3,,20,,1,11,30,7,0,7,,3,,,60,3,,16,29,12,8,,1,,,,,,,1,,,,,,
398,7,8,8,1,2,14,13,5,0,,1,1,1,,27,9,,3,20,14,11,,1,2,,,,,,,,,,,,
399,12,23,10,,,8,11,11,0,3,1,,,,28,,,16,32,7,5,2,3,,,3,1,2,,,,,,1,,
400,7,8,8,1,2,14,13,5,0,,1,1,1,,27,9,,3,20,14,11,,1,2,,,,,,,,,,,,
401,8,6,39,,14,13,12,10,0,,3,5,1,4,43,,,19,13,12,33,,1,3,3,,,,,,,,,,,3
402,3,16,1,,,16,7,5,0,7,,2,,,48,1,,2,16,30,18,,1,1,,,,,1,,,1,,,,
403,5,5,13,,2,24,15,7,0,1,7,12,3,3,48,2,,7,27,9,26,3,,1,,,,,,,,3,,,,
404,23,10,5,,1,20,16,7,0,3,2,,1,,42,2,,27,14,5,18,7,,4,3,,,,,,,,,,,2
405,6,3,5,,2,28,32,9,0,8,1,,2,,64,2,,12,24,3,28,1,2,6,,,,,,,,,,,,
406,7,22,5,,2,21,40,11,0,5,6,,1,1,40,3,,15,24,18,27,3,1,10,,,,,,,,,,,,
407,19,5,14,,5,12,20,6,0,5,4,2,2,,43,3,,14,15,7,17,,5,7,,3,,,,,,,,,,
408,1,10,5,,2,26,19,11,0,4,2,,,1,35,,1,21,15,2,28,2,3,,,,,,,,,2,,,,
409,4,3,,,1,43,11,4,0,3,,,,,9,,4,22,8,2,30,,,1,,,,,,,,,,,,
410,9,2,39,,2,7,11,3,0,1,,3,,,34,,,2,23,20,36,1,1,2,,,,,,3,,,,,,
411,7,5,7,,,4,10,2,0,1,2,,,,18,,,2,30,6,4,4,,1,,,,,,,,,,,,
412,11,6,9,3,4,28,30,6,0,8,4,1,2,2,34,1,,12,31,16,17,1,,3,,,,,,,,,,,,
413,9,4,3,,1,16,23,5,0,1,2,9,4,1,43,,,9,22,7,18,,4,1,,,,,,,,,,,,
414,3,5,6,,4,2,10,13,0,,1,2,2,1,41,,1,12,35,2,9,,,5,,,,1,,,,4,,,,
415,15,3,1,,1,8,20,1,0,1,3,3,,2,30,,,9,33,6,8,3,1,6,,,,,,,,,,,,
416,11,10,6,,,12,10,5,0,2,,4,,6,34,2,,8,46,15,15,,4,9,,,,,,,,,,,,
417,1,15,15,,2,11,21,24,0,2,2,2,1,,48,1,,11,20,2,19,8,,1,,,,,,,1,,,,,
418,15,,1,,,17,27,5,0,4,2,3,,,57,4,1,11,28,2,15,,,5,,1,,,,,,,,,,
419,15,7,5,1,,6,43,7,0,,,4,,,50,14,,7,41,23,5,,,13,,1,,,,,,,,,,
420,7,5,10,,3,20,15,13,0,13,5,2,2,6,33,3,,6,25,12,19,,3,5,,,,,,,,,,,,
421,4,11,5,,,4,9,5,0,1,1,,,,47,2,,2,18,6,4,,2,5,,,,,,,,,,,,
422,11,6,1,4,,4,13,12,0,3,1,1,,1,46,1,,2,29,2,3,2,1,1,,,,,,,,,,,,
423,6,1,3,,,13,9,6,0,2,,,,,30,6,,4,19,1,12,,3,1,,,,1,,,,,,,,
424,3,11,13,,,18,25,15,0,5,15,2,,,28,,,14,19,29,7,3,3,4,,,,,,,,3,,,,
425,5,,7,,,12,22,8,0,,1,1,1,,90,1,,8,37,12,9,1,3,6,,,,1,,,,,,,,
426,4,,7,,,18,24,2,0,20,3,,,1,39,,,14,42,15,19,,2,,,,,,,,,,,,,
427,23,2,17,,10,14,9,9,0,8,2,2,1,,55,6,,22,40,13,30,1,,3,,3,,,,2,,,,,,
428,8,,7,,,13,8,11,0,,2,4,5,,24,,,7,28,17,11,,1,9,1,,,,,,,,,,,
429,7,2,13,,6,19,22,16,0,2,1,3,1,,43,,,6,27,8,29,,,7,1,1,,3,,,2,,,,,
430,7,6,2,,5,21,14,8,0,6,1,,1,3,30,4,,11,20,8,17,,,1,,1,,,,,,,,,,
431,28,3,19,,,11,19,5,0,6,4,4,,,31,8,,8,18,11,13,,5,,3,,,,,,,,,,,
432,7,4,6,2,4,21,12,2,0,,3,2,,,38,,,11,21,3,9,,2,7,,,,,,,,,,,,
433,2,,7,,,7,7,5,0,14,14,4,,,45,,,3,19,5,16,,,3,1,,,,,,,,,,,
434,14,,2,1,1,28,23,5,0,2,1,,7,,32,3,2,4,25,4,20,,1,6,,,,,,,,,,,,
435,9,,15,,1,10,18,11,0,6,4,,4,3,50,1,,25,27,10,17,1,3,4,,,,1,,1,,,,,,
436,14,,11,,,27,14,9,0,1,9,,1,,50,6,1,4,25,22,19,,,6,,,,,,,,,,,,
437,10,1,5,,3,13,17,1,0,,,,15,,23,1,,6,25,5,24,,1,3,1,,,,,,,,,,,
438,10,,6,,4,8,18,12,0,7,3,4,,1,68,1,,11,38,6,6,,6,6,1,3,,,,2,,,,,,
439,13,,11,,6,12,18,10,0,11,2,,1,,75,,,16,16,14,30,,12,15,,9,,,,,,,,,,
440,37,3,5,,4,18,38,10,0,4,,4,,2,67,9,,5,39,9,13,1,8,4,,,,1,,,,,,,,
441,4,,12,,9,30,21,6,0,5,2,1,,,68,,,15,34,6,29,,4,4,,,,,,,,,,,,
442,7,,21,,4,21,20,11,0,1,7,,,1,43,2,,10,15,8,28,1,2,5,1,,,,,3,,,,,,
443,3,3,8,,,15,25,10,0,1,1,2,,3,63,,,14,43,11,7,,9,3,,,,,,,,,,,,
444,8,,,,,11,16,7,2,,1,,4,,10,1,1,11,13,,14,,4,,1,,,,,,,,,,,
445,12,,30,,1,5,13,6,2,,,1,,,17,,,11,44,6,9,,,1,,1,,,,,,,,,,
446,4,,4,,,11,12,5,2,,,2,2,,16,,,6,12,,8,1,,3,,,,,,,,,,,,
447,3,2,,,,7,8,3,2,3,1,7,,,24,,,2,25,17,4,4,,,,,,,,,,,,,,
448,10,,,,2,11,21,1,2,,3,,5,,9,,,3,8,3,9,,,3,,1,,,,,,,,,,
449,6,1,,,,7,10,6,2,1,6,1,1,,18,,,,12,2,6,2,2,1,,1,,,,,,,,,,
450,1,1,,,,1,,,2,,2,,,,8,,,,12,2,,,,,,,,,,1,,,,,,
451,3,3,,,,3,,,2,,2,,,,4,2,,2,10,2,2,,,,,,,,,1,,,,,,
452,10,6,6,,4,27,58,8,2,1,2,,6,,24,1,16,23,32,15,18,,4,1,4,,,,,,,,,,,
453,6,4,6,,3,16,25,8,2,3,3,,,,46,,1,16,47,11,6,3,,6,,3,,,,,,,,,,
454,4,2,1,,1,38,39,6,2,8,2,2,1,1,98,1,,2,22,7,21,,,15,,,,,,,,,,,,
455,17,22,1,2,,21,34,4,2,2,2,,11,,46,,12,17,65,7,20,,6,6,,,1,,,,,,,,,1
456,31,7,25,,18,25,36,1,2,,1,1,12,10,62,,,13,21,28,31,7,2,2,,5,,,,,,,,,,
457,8,4,6,,,35,27,3,2,7,,,4,2,32,3,15,13,33,12,25,1,1,7,1,,,,,,,,,,,
458,33,5,3,,,15,28,11,2,1,3,5,14,,57,,,8,38,6,28,,3,,,1,1,,,,,,,,,
459,5,4,10,,1,8,26,8,2,2,,4,,,27,,,1,87,11,14,1,1,7,,1,,1,,,,,,,,
460,10,6,5,,1,11,4,15,2,2,2,,1,,16,1,,6,38,8,15,,,,,,,,,,,,,,,
461,12,7,7,4,1,12,7,3,2,5,2,9,,,27,,1,4,23,12,22,,1,1,,1,,,,,,,,,,
462,3,2,3,,,18,7,2,2,,,2,2,1,10,1,,5,9,8,12,1,1,3,1,,,,,,,,,,,
463,9,16,13,,6,12,18,7,2,9,11,2,3,,72,,1,14,37,21,8,5,5,3,,2,,,,,,3,,,,
464,16,1,6,,,18,4,2,2,,1,7,,3,12,2,,5,9,10,12,3,4,,,,,,,,,,,,,
465,4,6,,2,,18,12,5,2,4,1,2,,2,74,,,3,24,8,16,,1,3,1,,,,,,,,,,,
466,10,,3,,6,5,4,2,2,2,1,6,,,7,1,,3,27,1,5,,,1,,,,,,,,,,,,
467,4,16,3,,2,26,19,6,2,1,4,,,8,51,,,16,26,31,4,,,9,1,2,,,,,,,,,,
468,7,5,6,,1,29,21,2,2,3,3,,3,5,25,,,7,30,46,13,,,3,,,,,,,,,,,,
469,8,8,4,,3,7,36,15,2,2,5,1,2,,33,,1,3,44,11,9,,5,3,,,,,,,,,,,,
470,12,4,4,,1,7,36,,2,5,32,1,2,,51,,4,4,75,13,4,,,4,,,2,,,,,,,,,
471,8,10,14,,4,35,16,15,2,2,6,,4,,85,,,15,40,16,20,1,12,6,1,,,,,,,,,,,
472,6,9,4,2,,9,9,4,2,1,8,4,2,,37,1,,11,15,2,12,,,1,,,,3,,,1,,,,,
473,13,4,19,,2,38,21,10,2,1,,2,2,6,40,6,,16,71,25,23,1,1,15,,,,,,,,,,,,
474,5,4,7,,1,13,18,10,2,7,5,3,,1,30,,,14,51,26,7,,,6,,4,,,,,,,,,,
475,11,4,3,,2,18,46,15,2,2,12,7,,,37,3,,6,28,7,14,,1,8,,6,,,,,,,,,,
476,2,,2,1,4,15,6,11,2,6,4,2,2,,40,,,6,35,16,12,,,5,,2,2,,,,,,,,,
477,2,,2,,,7,17,1,2,5,11,,,,23,,,6,19,11,2,,,4,,,1,,,,,1,,,,
478,9,,1,,,15,13,3,2,2,2,,1,,39,,,10,60,9,,,,,1,,,,,,,,,,,
479,9,8,9,,2,6,14,9,2,3,10,,10,,13,,,17,6,11,9,8,2,,,,,,,,,,,,,
480,2,9,5,,3,9,13,2,2,7,9,1,,1,36,,,4,44,3,1,,,,1,1,,,,,,,,,,
481,7,1,7,,1,13,10,2,2,3,,,,,27,,1,5,18,3,13,,,,1,,,,,,,,,,,
482,6,2,3,,,7,10,2,2,6,4,,3,,40,1,,9,38,3,3,,,1,,,,,,,,,,,,
483,6,1,3,,2,4,2,4,2,4,,,,2,35,,,10,35,2,,,,,,1,,,,,,,,,,
484,3,9,2,,2,11,10,,2,15,1,,,3,10,,,4,29,4,18,,,8,,,,,,,,,,,,
485,,,,1,,2,5,4,2,,,,1,,39,,,2,54,2,,,,1,,,,,,,,,,,,
486,1,3,4,,1,14,25,4,2,4,,,,1,40,1,,7,36,4,14,,5,3,,,,,,,,,,,,
487,2,7,1,,,10,7,3,2,3,6,8,,,28,,,10,25,5,1,,,,,,,,,,,,,,,
488,6,1,3,,3,4,11,11,2,,5,,,,41,,,6,30,3,6,,5,2,,,,,,,,,,,,
489,6,1,5,,3,12,22,6,2,4,2,4,1,,73,,,11,84,16,14,,3,,,1,,,,4,,,,,,
490,6,5,6,,1,9,10,3,2,,2,,4,,21,,,11,9,3,17,3,,1,,1,,1,,,,,,,,
491,4,3,6,,,15,19,10,2,6,9,3,,1,57,,,17,38,17,10,2,3,1,,,,,,,,,,,,
492,1,7,11,,2,1,4,1,2,,,,,,8,,,3,6,8,9,,,3,,,,,,1,,,,,,
493,6,,3,2,4,18,15,5,2,2,3,8,,,19,,,1,12,7,27,1,,3,,1,,,,,,,,,,
494,1,1,9,,,13,5,3,2,2,,,,,18,1,1,6,9,2,14,5,,,1,,,,,,,,,,,
495,27,3,9,,3,9,24,6,2,8,9,3,1,1,51,,,17,57,6,10,,,1,,,,,,,,,,,,
496,22,,1,,3,15,18,3,2,,,2,3,,19,1,,13,33,8,16,,,,,,,,,1,,,,,,
497,10,,7,,2,23,27,7,2,5,6,6,1,,56,4,,17,47,12,20,,3,4,,1,,,,2,,,,,,
498,19,15,23,1,7,28,47,34,2,24,7,10,1,3,108,2,,19,107,25,29,1,3,9,,,,1,,18,,,,,,
499,7,3,11,1,5,35,18,3,2,4,,7,2,2,24,3,,16,43,3,30,,,4,1,,,2,,,,1,,,,
500,11,1,17,,9,37,43,14,2,10,2,4,1,3,74,,,9,84,18,30,,1,,,6,,1,,1,,,,,,1
501,18,3,5,,,9,13,2,2,3,,2,,1,13,7,,7,23,10,14,,,1,,3,,,,,,1,,,,
502,5,12,10,,6,14,21,5,2,6,2,3,,,41,1,,14,44,12,19,,2,4,,,,,,,,,,,,
503,6,9,5,,1,32,34,8,2,7,4,5,1,,25,1,,5,28,23,21,,1,3,1,,,,,,,,,,,
504,8,23,13,,3,46,32,11,2,4,3,4,1,5,108,3,,12,68,16,47,,,3,,1,,,,,,,,,,
505,11,,4,,,11,10,,2,,,,1,,35,9,,5,33,2,9,8,1,,,,,2,,,,,,,,
506,12,21,10,,6,10,35,7,2,19,1,,1,,62,1,,15,29,19,50,4,5,14,,,4,,,,,,,,,
507,15,11,12,,4,31,41,7,2,7,,4,1,2,71,,2,19,28,19,24,,7,7,,2,,1,,,,,,,,
508,10,,8,,1,10,11,3,2,5,,,1,,36,,,2,22,5,21,,,7,,,,,,,,,,,,
509,15,6,10,1,,30,17,10,2,2,1,4,5,,60,6,,9,22,8,36,,7,11,1,,,,,,,,,,,2
510,13,4,4,,4,37,15,10,2,3,,3,2,,32,3,,18,41,11,26,,2,26,1,,,2,,,,1,,,,
511,10,2,,,,22,22,4,2,,,,,,10,29,1,2,17,8,18,4,,2,,,,,,,,,,,,
512,11,21,10,,6,10,33,5,2,16,1,,1,,71,1,,14,29,23,35,4,5,14,,,,,,,,,,,,
513,10,11,18,3,6,21,16,11,2,6,5,3,1,,57,1,,22,32,18,20,1,,4,,6,,,,,,,,,,
514,10,1,8,,,14,20,4,2,2,,1,3,,19,3,,9,29,15,9,,,3,,,,,,,,,,,,
515,13,7,3,,2,19,12,5,2,3,1,2,,2,22,1,,9,17,8,12,,1,,,,,,,,,,,,,
516,7,16,4,2,1,24,15,2,2,8,1,1,4,,36,,,28,39,14,18,,1,3,1,3,,,,,,,,,,
517,12,13,3,,,22,13,8,2,6,2,,6,2,31,,,15,15,16,28,,,9,,,,,,36,,,,,,
518,12,7,3,,6,30,20,10,2,2,,2,,1,23,,,13,19,20,15,,1,,,,,,,,,,,,,
519,9,8,7,,3,7,17,6,2,7,1,,1,,37,1,,14,11,7,27,1,2,5,,,1,,,,,,,,,
520,15,23,5,,3,28,22,1,2,8,3,2,1,,40,2,,8,48,19,27,1,1,13,,1,,1,,,,1,,,,
521,17,22,17,,3,13,34,12,2,16,1,,1,,72,8,,17,16,25,40,5,6,8,,,5,,,,,,,,,
522,21,14,18,,5,35,33,6,2,2,5,4,5,3,36,1,,9,27,29,44,5,1,5,1,1,,,,,,,,,,
523,15,21,5,,3,27,19,2,2,9,3,3,1,,27,2,1,9,33,16,29,3,1,13,,1,,1,,,,1,,,,
524,15,6,10,1,,30,17,10,2,2,1,4,5,,60,6,,9,22,8,36,,7,11,1,,,,,,,,,,,2
525,16,21,5,,3,44,19,4,2,5,4,2,1,,32,2,,10,36,20,30,1,1,13,,1,,1,,2,,1,,,,
526,8,10,13,,3,26,25,5,2,1,3,4,3,2,30,1,,7,14,21,25,3,1,3,,1,,,,,,,,,,
527,6,8,9,2,5,17,15,7,2,3,5,1,1,,36,,,11,14,12,17,1,,4,,1,,,,,,,,,,
528,15,6,10,1,,30,17,10,2,2,1,4,5,,60,6,,9,22,8,36,,7,11,1,,,,,,,,,,,2
529,12,7,3,,6,30,20,10,2,2,,2,,1,23,,,13,19,20,15,,1,,,,,,,,,,,,,
530,12,21,10,,6,10,35,7,2,19,1,,1,,62,1,,15,29,19,50,4,5,14,,,4,,,,,,,,,
531,15,6,10,1,,30,17,10,2,2,1,3,5,,59,6,,9,24,8,36,,7,11,1,,,,,,,,,,,2
532,11,5,5,,3,16,9,4,2,5,4,2,1,,25,2,,10,14,15,16,1,1,9,,1,,1,,,,1,,,,
533,1,2,17,,,29,9,15,2,6,2,1,,10,29,,,11,34,13,24,6,,9,,1,,,,,,,,,,
534,10,21,5,,3,26,21,2,2,9,4,3,1,,26,2,,7,33,16,22,3,1,13,,1,,1,,,,1,,,,
535,2,2,,,,22,4,4,2,,,,,,8,,,2,2,8,16,4,,2,,,,,,,,,,,,
536,2,28,1,,9,16,45,6,2,5,1,2,1,,21,,,7,54,12,11,2,1,3,,,,,,,,,,,,
537,17,22,17,,3,13,34,12,2,16,1,,1,,72,8,,17,16,25,40,5,6,8,,,5,,,,,,,,,
538,17,,2,,5,7,14,2,2,1,,,1,24,22,1,,73,33,4,15,,1,1,1,,,,,,,,,,,
539,14,6,6,,,16,13,7,2,1,,,3,,29,,,6,20,7,16,1,1,,,,,,,,,1,,,,
540,8,6,12,,,26,18,8,2,5,2,1,1,1,38,,,14,30,13,20,1,1,5,,1,,,,,,,,,,
541,6,19,2,,2,22,12,7,2,,,,1,1,41,1,,24,25,3,20,,,3,,1,,,,,,,,,,
542,10,11,4,1,1,23,13,3,2,1,,2,6,,18,,,10,23,9,33,2,3,,,,,,,,,,,,,
543,16,10,4,,5,23,22,5,2,,,1,6,,37,,,20,16,7,14,,1,3,,,,,,,,,,,,
544,5,5,1,,2,21,17,3,2,,,,6,1,15,,,7,9,1,24,,1,,,,,,,,,,,,,
545,8,22,7,,2,12,31,1,2,1,1,1,,1,40,7,,9,17,1,14,,,,,,,,,,,,,,,
546,12,17,3,,1,22,19,6,2,,,,6,,23,,,6,22,2,26,,,5,,,,,,1,,,,,,4
547,4,5,5,,1,12,17,9,2,,1,,,2,42,,,23,19,6,7,,8,8,,,,,,,,,,,,
548,5,15,16,,2,24,14,4,2,3,,3,1,,29,,,14,34,2,31,1,,2,,,,,1,,,,,,,
549,3,3,5,,5,21,32,6,2,7,,,,,10,1,,3,16,1,20,1,3,3,,,,,,,,,,,,
550,25,3,9,,4,9,23,5,2,10,8,,1,1,47,,,18,60,8,10,,,2,,,,,,,,,,,,
551,44,2,8,,,23,19,10,2,6,7,1,4,,73,3,1,3,56,5,39,,,2,,,,,,,,,,,,
552,6,,4,1,,2,12,8,2,3,,,,,26,3,,8,41,4,5,,,,,,,,,1,,,,,,
553,15,8,3,,,14,32,8,2,1,,6,1,,92,2,,7,67,5,9,,,2,,,,,,,,,,,,
554,15,8,3,,,14,32,8,2,1,,6,1,,92,2,,7,67,5,9,,,2,,,,,,,,,,,,
555,6,2,3,,5,15,9,7,2,6,5,1,3,,32,,,11,32,7,11,2,1,2,,,,,,,,,,,,
556,5,4,5,,2,9,6,,2,2,4,,,,20,1,,3,14,19,13,,1,12,,,,,,,,,,,,
557,2,,3,1,1,14,11,,2,1,,,,1,32,3,,,9,,21,,,,,,,,,,,,,,,
558,3,,,,1,20,14,2,2,,,3,1,,23,,,1,3,14,,,,,,,,,,,,,,,,
559,8,2,16,1,15,17,22,5,2,4,4,1,4,2,50,1,1,35,14,10,13,2,,,1,,,1,,,,,,,,
560,13,2,,,3,9,17,3,2,2,2,,,,50,,,5,2,4,,1,5,,,,,,,,,,,,,
561,10,2,2,3,5,14,16,3,2,2,,11,1,1,48,,,19,25,6,8,2,,2,,1,1,,,,,,,,,
562,3,1,9,,,10,14,7,2,2,,,,1,25,,,12,25,5,8,,1,5,,,1,,,,,1,,,,
563,6,,13,,5,7,18,7,2,8,4,,2,,32,,,4,53,3,16,,,2,,,,,,,,,,,,1
564,3,3,2,,5,21,26,6,2,10,1,,,,10,,,3,17,1,22,1,3,2,,,,,,,,,,,,
565,3,1,2,,,16,18,1,2,2,1,2,,,28,,,9,22,3,9,1,1,2,,,,7,,,,,,,,
566,5,1,2,,1,19,20,2,2,2,1,2,1,1,30,,,10,25,2,13,1,1,3,,,,7,,,,,,,,
567,46,6,10,,,21,11,11,2,5,1,1,1,1,88,2,2,4,48,8,32,,,4,,,,,,,,,,,,
568,13,12,5,,,12,30,8,2,1,1,3,,,69,3,1,9,71,5,11,,2,,,,,,,18,,,,,,
569,4,3,3,1,1,7,11,,2,,,,2,1,30,3,,,10,1,13,,,,,,,,,,,,,,,
570,9,3,1,,2,3,9,1,2,3,4,,,,30,,,1,18,3,,1,4,,,,,,,,,,,,,
571,5,1,21,,3,18,23,2,2,6,1,,,,44,4,2,12,34,14,11,,,2,,,,1,,,,1,,,,
572,1,1,,,,11,4,3,2,,1,2,,,5,,,1,7,10,7,,,,,,,,,,,,,,,
573,1,2,1,,1,48,34,9,2,,,,,,43,1,,2,32,6,43,,,1,,,,,,,,,,,,
574,4,4,5,,3,9,8,,2,3,3,,,,23,1,,3,7,21,11,,1,7,,,,,,,,,,,,
575,3,1,1,,,3,4,1,2,1,1,,,,11,,,1,20,1,5,,,1,,,,,,,,,,,,
576,9,2,4,2,5,11,17,5,2,1,,11,1,3,37,,,11,31,4,9,2,,2,2,1,1,,,,,,,,,
577,9,2,4,2,5,11,17,5,2,1,,11,1,3,37,,,11,31,4,9,2,,2,2,1,1,,,,,,,,,
578,15,,4,,17,7,30,7,2,8,4,,2,,47,,,4,31,3,16,,,2,,,,,,,,,,,,1
579,13,3,10,,,12,29,5,2,,,10,,,36,4,,8,41,17,16,1,,9,,4,,,,,,,,,,
580,5,1,2,,1,19,20,2,2,2,1,2,1,1,30,,,10,25,2,13,1,1,3,,,,7,,,,,,,,
581,14,9,3,,,14,30,7,2,2,,6,,,100,2,2,7,66,5,9,,,1,,,,,,,,,,,,
582,4,3,6,,2,6,6,,2,3,4,,,,20,1,,2,12,14,11,,1,8,,,,,,,,,,,,
583,4,12,2,,1,3,10,5,2,6,4,3,,1,34,,,,17,11,,3,3,2,2,2,,,,,,,,,,
584,10,2,8,,,21,10,5,2,5,2,,,,42,3,1,3,34,5,21,,,3,,,,,,,,,,,,
585,2,,,,1,20,13,3,2,1,,3,1,,10,,,2,23,15,14,,,1,,,,,,,,,,,,
586,1,,9,,2,13,7,3,2,3,5,,,,20,1,,7,29,4,16,,,,,,,,,,,,,,,
587,9,3,1,,2,3,10,1,2,3,4,,,,30,,,1,19,3,,1,4,,,,,,,,,,,,,
588,2,1,7,,,8,14,6,2,2,1,,,1,28,,,11,25,4,6,,1,5,,,,,,,,2,,,,1
589,6,,4,1,,2,12,8,2,3,,,,,27,3,,8,45,4,5,,,,,,,,,1,,,,,,
590,15,4,11,,,15,28,5,2,,,10,,,37,5,,8,46,16,19,2,,9,,4,,,,,,,,,,
591,12,2,4,2,2,13,17,1,2,1,,2,,1,37,,,14,47,6,11,2,,1,,1,1,,,,,,,,,
592,6,5,17,,2,17,16,2,2,3,2,,,2,40,4,,8,39,13,9,,,3,,,,1,,,,1,,,,
593,14,12,3,,,12,31,8,2,1,,4,,,67,3,1,8,72,8,10,,2,,,,1,,,18,,,,,,
594,8,,4,,10,7,24,7,2,8,4,,2,,40,,,4,25,3,16,,,2,,,,,,,,,,,,1
595,2,,7,,1,1,10,1,2,1,,1,,,68,,,2,28,5,7,,,,,,,1,,,,,,,,
596,3,,3,1,1,7,12,,2,1,,,1,1,32,3,,1,14,,14,,,,,,,,,,,,,,,
597,2,,1,,,15,17,1,2,1,2,2,,,23,,,7,20,2,9,1,1,3,,,,7,,,,1,,,,
598,3,1,9,,,10,14,7,2,2,,,,1,25,,,12,25,5,8,,1,5,,,1,,,,,1,,,,
599,3,1,2,,,16,18,1,2,2,1,2,,,28,,,9,22,3,9,1,1,2,,,,7,,,,,,,,
600,2,2,2,,1,43,18,5,2,,,,,,78,2,,2,4,20,2,,,,,,,,,,,,,,,
601,7,6,22,,3,19,14,2,2,2,2,,,,52,4,3,10,32,14,12,,,4,,1,,1,,,,,,,,
602,6,,4,1,,,11,5,2,5,,,,,39,4,,9,49,3,1,,,,,,,,,,,,,,,
603,8,4,5,,8,9,13,3,2,17,23,23,,1,41,5,,7,24,10,5,2,,6,,,,,,,,,,,,1
604,27,3,11,,3,9,27,5,2,9,5,,1,,52,,,15,53,7,7,,,2,,,,,,,,,,,,
605,8,2,16,1,15,17,22,5,2,3,4,1,4,2,50,1,1,35,13,11,13,2,,,1,,,1,,,,,,,,
606,13,2,,,3,9,17,3,2,2,2,,,,50,,,5,2,4,,1,5,,,,,,,,,,,,,
607,11,2,3,2,2,12,18,3,2,2,,11,1,1,43,,,15,32,7,10,2,,2,,1,1,,,,,,,,,
608,3,1,9,,,10,14,7,2,2,,,,1,25,,,12,25,5,8,,1,5,,,1,,,,,1,,,,
609,6,1,20,,2,18,19,2,2,4,2,,,2,44,5,2,9,31,15,12,,,2,,,,1,,,,1,,,,
610,4,,4,1,,1,7,8,2,2,,,,,18,1,,5,29,4,4,,,,,,,,,1,,,,,,
611,27,3,10,,3,11,24,5,2,9,8,,1,1,48,,,17,59,6,9,,,1,,,,,,,,,,,,
612,7,5,5,,8,11,14,3,2,28,33,33,,1,66,5,2,8,37,11,8,1,,5,,,,,,,,,,,,1
613,3,1,8,,1,39,3,2,2,5,30,,1,,51,,,3,19,2,15,,,,1,,,,,,,,,,,
614,3,3,,,1,10,12,4,2,1,2,,,,14,,,10,11,6,3,,,1,,,,,,,,,,,,
615,2,8,3,,,13,11,3,2,2,1,,1,,15,,,8,5,8,14,,,3,,,,,,,,,,,,
616,10,3,11,,,12,5,8,2,1,3,,1,1,14,,,4,31,5,20,,2,,,,,,,,,,,,,1
617,9,3,1,,,19,10,7,2,3,1,,,,40,,,4,15,11,14,11,2,1,,,,,,,,,,,,
618,2,,3,,,6,15,,2,3,,,,1,24,1,,5,14,2,2,4,,,,,,,,,,,,,,
619,6,1,1,,1,7,7,3,2,3,1,1,,,28,,,12,14,2,7,,2,2,,,,,,,,,,,,
620,6,1,8,1,,14,11,2,2,3,1,,,,31,1,,2,25,7,9,,1,,,1,,,,,,,,,,
621,6,,,,,13,7,1,2,2,,,5,,12,,8,4,23,9,7,3,4,3,,,,,,,,,,,,
622,2,5,7,,2,11,11,10,2,5,3,1,,,32,,,14,16,10,8,8,1,,,,,,,,,,,,,
623,5,1,3,,3,11,11,1,2,2,1,,2,,18,,,6,15,6,7,,4,,,1,1,,,,,,,,,
624,7,7,8,1,2,20,20,1,2,4,,1,1,,59,6,,16,36,3,22,,,3,,,,,,,,,,,,
625,13,9,9,,5,23,31,10,2,3,1,,1,1,53,7,,9,32,7,28,1,1,5,,,,1,,,,,,,,
626,4,3,10,,1,9,5,1,2,,,,,,13,,,12,9,3,7,2,,,2,,,,,,,,,,,
627,4,3,4,,3,21,18,6,2,4,2,2,,,28,2,,7,10,8,18,,1,4,,,,,,,,,,,,1
628,3,6,4,2,,22,24,6,2,1,,1,1,1,37,,,9,18,5,16,1,1,1,2,,,,,,,,,,,
629,4,6,6,,,16,11,7,2,2,1,1,,,30,1,,13,10,9,14,,,9,,,,,,,,,,,,
630,3,12,6,4,,18,24,8,2,1,1,1,1,,35,,,7,16,4,20,1,1,1,1,,,,,,,,,,,
631,6,2,7,,1,28,16,3,2,2,,2,,,28,,1,10,17,9,27,,,1,,,,,,,,,,,,1
632,3,11,16,,1,14,21,2,2,10,,,,,47,1,,12,18,9,11,1,6,1,10,,,,,,,,,,,
633,2,6,11,,2,14,26,2,2,2,,1,,1,29,1,,11,11,9,15,,1,,,,,1,,,,,,,,
634,3,12,6,4,,18,24,8,2,1,1,1,1,,35,,,7,16,4,20,1,1,1,1,,,,,,,,,,,
635,3,5,6,,1,17,6,6,2,3,1,3,,,34,1,,4,11,8,6,,2,3,1,,,1,,,,,,,,
636,4,,10,,6,11,11,2,2,3,2,,,,22,,,11,16,15,17,1,1,2,,,,1,,,,,,,,1
637,,8,8,,1,10,7,4,2,2,,,,,9,,,,6,23,18,,,,,,,,,,,,,,,
638,14,5,19,,3,34,28,8,2,6,8,,2,1,38,4,,10,15,16,39,1,1,5,4,4,,,,,,,,,,1
639,3,9,10,,1,14,13,8,2,,,1,2,2,29,1,,4,13,12,12,2,,,,,,,,,,,,,,1
640,10,2,7,,5,25,25,2,2,,2,5,2,2,47,,,18,14,5,24,,1,,,,,,,,,,,,,
641,1,6,16,,3,20,4,13,3,,,10,,3,23,3,1,27,9,2,67,2,2,2,,,,1,,,,,,,,
642,8,11,21,,1,7,22,32,3,2,3,,1,2,48,1,,34,59,9,6,6,6,1,2,,,,,2,,,,,,
643,8,1,5,,3,22,16,8,3,4,5,,1,3,26,,,18,17,8,14,,11,2,6,3,,6,,,,6,,,,
644,9,2,2,,,35,21,1,3,3,1,,3,,25,2,,19,17,3,40,2,9,9,,,,,,,,,,,,
645,5,2,7,1,4,19,18,6,3,2,2,,2,,43,4,,9,47,8,15,1,1,3,,,,,,,,,,,,1
646,8,8,1,6,8,16,13,3,3,8,2,,,2,25,3,,2,39,10,30,,3,3,,,,,,,,,,,,
647,8,8,1,6,8,16,13,3,3,8,2,,,2,25,3,,2,39,10,30,,3,3,,,,,,,,,,,,
648,4,7,15,,3,11,22,5,3,9,4,,,,20,,,6,24,3,36,,1,1,1,,,1,,,,,,,,
649,2,3,7,,2,3,10,4,3,4,1,2,1,,31,,,5,42,5,2,,,3,,,,,,2,,,,,,
650,15,,,3,2,39,12,9,3,,4,,,,19,6,,10,13,2,56,,1,3,,,,,,,,,,,,
651,8,3,,,,29,8,3,3,,,,,,15,,,3,12,6,34,,8,,,,,,,,,,,,,
652,15,3,5,,,26,13,6,3,5,1,,,,31,,,5,27,1,20,1,4,,,,,,,,,,,,,
653,21,1,5,,1,21,10,3,3,6,3,,,,32,2,,9,32,16,25,,4,6,,2,,,,,,,,,,
654,,2,12,,1,16,19,2,3,,,,,,31,,,3,54,2,39,,,,,,,,,,,,,,,
655,9,6,3,,1,50,12,,3,1,2,1,4,,20,,,5,15,20,67,12,4,,,2,,,,,,,,,,
656,4,7,2,3,,16,10,13,3,14,4,,2,,38,,,16,7,5,19,2,33,4,,,,,,,,,,,,
657,2,3,1,,1,13,10,6,3,6,8,,,,25,,,1,35,5,3,,,2,1,1,,,,,,,,,,
658,21,,,,3,24,5,11,3,1,4,,10,1,3,5,,4,66,5,45,,12,1,2,,,,,,,,,,,
659,11,1,3,,8,17,38,8,3,5,3,2,3,,25,,,8,30,19,15,1,,6,,,,,,,,,,,,
660,5,1,5,,3,9,5,7,3,,4,,,,15,,,7,34,5,15,,5,,,,,,,,,,,,,1
661,15,3,5,,,26,13,6,3,5,1,,,,31,,,5,27,1,20,1,4,,,,,,,,,,,,,
662,2,,3,,4,13,17,11,3,1,4,,1,,37,,,8,9,8,4,1,,1,,,,,,,,,,,,
663,1,2,1,,,2,3,3,3,9,3,,,,1,,,2,23,6,14,,1,,,,,,,,,,,,,
664,3,1,2,,1,10,13,9,3,2,,2,,,39,,,1,30,7,,1,1,2,,,,,,,,,,,,11
665,15,7,16,,4,21,26,20,3,,1,,,2,29,,,16,25,12,22,1,4,1,,,,,,,,,,,,
666,1,2,1,,,2,3,3,3,9,3,,,,1,,,2,23,6,14,,1,,,,,,,,,,,,,
667,2,1,3,,,15,27,,3,,,,,,44,,,,39,2,2,,,,,,,,,,,,,,,
668,5,7,3,,1,12,12,5,3,6,,1,1,6,8,,,15,11,3,18,,,1,,,,,,,,,,,,
669,3,1,8,,1,10,3,7,3,3,2,,,,6,2,,6,15,1,21,,1,,,,1,1,,,,,,,,1
670,7,1,1,1,18,,7,3,3,,,,5,,53,,,3,10,3,2,17,3,5,,,,,,,,,,,,6
671,3,4,21,,,4,11,6,3,7,4,,,3,25,2,2,6,46,2,9,9,,,,,,,,,,,,,,
672,,5,11,,4,9,7,4,3,,1,2,,,27,,,4,15,7,10,2,,4,,,,,,,,,,,,
673,12,,,,,5,1,4,3,4,1,,1,,18,2,,16,26,1,4,4,,,,,,,,,,,,,,
674,1,2,2,,3,4,8,6,3,10,1,,,,19,,,7,9,2,17,,3,8,,,,,,,,,,,,2
675,2,1,3,,,15,27,,3,,,,,,44,,,,39,2,2,,,,,,,,,,,,,,,
676,3,1,2,,,3,16,1,3,3,,,3,,25,,,5,42,2,4,1,,2,,,,,,,,,,,,
677,1,9,9,,1,,8,,3,,,,1,,18,,,9,32,2,2,,,,,,,,,,,,,,,
678,2,1,3,,,15,27,,3,,,,,,44,,,,39,2,2,,,,,,,,,,,,,,,
679,4,2,5,,4,10,9,9,3,7,6,7,,,26,,,6,44,4,13,,6,1,1,,,,,,,,,,,
680,11,6,10,,4,8,21,2,3,5,,16,1,6,39,,,40,16,10,4,,7,3,1,,,3,,,,,,,,
681,4,15,4,,4,16,44,15,3,2,5,,,,61,10,,4,31,11,10,1,,,,,,,,,,,,,,
682,11,4,2,,2,14,7,5,3,2,4,4,2,,22,,1,10,12,2,15,,1,4,,1,,,,,,,,,,1
683,5,16,9,,1,15,13,6,3,1,1,,3,,22,,,15,11,8,28,2,,4,5,2,,1,,,,,,,,
684,1,3,15,,1,29,12,9,3,4,4,,,,23,,,2,26,17,43,,1,12,,,,,,,,,1,,,
685,3,1,10,,3,9,8,2,3,5,2,,,,25,,,9,21,8,9,5,3,1,,,,,,,,,,,,1
686,1,4,3,,1,10,6,5,3,1,4,,,,19,,,4,6,6,23,1,7,5,,,,,,,,,,,,
687,3,13,12,,2,21,12,5,3,1,1,,1,,24,,1,5,17,15,28,,,,,,,,,,,,,,,
688,14,1,,,3,13,4,5,3,1,2,3,,1,43,,,3,35,2,19,,3,,,,,,,1,,,,,,
689,6,4,6,1,1,2,1,3,3,7,5,4,,,24,,,1,24,5,3,,9,1,,,,3,,,,,,,,6
690,1,6,8,,4,10,16,1,3,4,3,2,1,,19,,,3,17,6,12,2,1,2,,,,,,,,,,,,
691,13,4,9,,3,20,22,19,3,2,,,4,,34,,,5,15,9,28,,23,1,,1,,,,,,,,,,
692,21,2,9,,6,23,19,12,3,5,3,,,,71,,,29,29,13,15,2,1,4,,8,,,,,,,,,,
693,2,1,11,,,10,17,6,3,2,,,,,21,1,4,11,17,3,16,,2,,,,4,,,,,,,,,
694,10,,41,,,6,21,9,3,2,3,,2,,45,,,14,26,13,41,11,,10,,,,,,,,,,,,1
695,15,5,14,,3,40,17,10,3,,1,,2,1,39,1,,11,31,7,58,,3,10,,2,,,,,,,,,,1
696,24,6,10,,3,27,46,9,3,3,,3,2,6,59,12,,22,38,5,37,,3,3,,,,,,,,,,,,
697,9,2,11,,3,9,19,5,3,2,31,2,,1,58,7,,3,28,5,9,1,,,,,,,,,,,,,,3
698,26,,3,,3,20,41,4,3,2,5,,6,,80,1,,17,38,34,4,,1,1,,1,,,,,1,,,,,
699,13,2,7,,2,46,32,7,3,5,3,2,1,,82,1,,9,48,18,42,1,16,7,,,,,,,,,,,,
700,6,4,8,,,40,31,7,3,4,4,2,,,38,2,2,10,24,6,55,2,,7,,,2,2,,,,,,,,
701,11,6,16,,4,5,11,21,3,7,38,1,,14,45,,,13,30,10,10,1,1,5,,1,,1,,,,,,,,
702,19,6,8,,1,18,15,7,3,3,5,6,,,30,5,,22,41,8,25,,3,1,,2,,,,,,,,,,1
703,4,11,,,3,29,37,12,3,2,1,6,2,,17,,1,12,38,22,35,,4,4,,,,,,,,,,,,9
704,4,,,,1,4,7,3,3,2,,3,2,,10,1,,4,20,6,5,,,,,,,,,,,,,,,
705,6,,15,,,6,8,13,3,2,13,,1,1,29,,,2,38,5,12,,9,3,,,1,,,,,,,,,
706,2,3,3,,,9,3,9,3,14,,3,,,24,,,2,19,13,17,,6,,,1,,,,,,,,,,11
707,6,13,4,,1,8,10,5,3,9,,,3,,43,,,8,35,5,24,2,6,1,,,,1,,,,,,,,
708,3,2,8,,1,43,19,8,3,,,1,,,11,,1,9,20,11,56,,38,7,,3,,,,,,,,,,
709,4,5,7,1,3,15,14,6,3,4,8,,1,,27,3,3,6,42,8,13,4,,,,,,,,,,,,,,
710,5,2,2,,,9,3,,3,,,,,,20,,,6,21,,23,3,,3,,,,3,,,,,,,,
711,3,6,7,,,9,4,3,3,1,6,,,,18,,,1,14,7,11,,8,1,,,,,,,,,,,,
712,2,3,6,,3,3,3,7,3,8,2,,,,14,,,9,22,1,16,,,2,,1,,,,,,,,,,
713,,2,4,,1,3,4,2,3,1,2,1,,,10,,,1,26,,6,,,,,,,,,,,,,,,
714,10,4,6,,5,24,14,14,3,5,18,2,1,,56,1,,9,58,5,13,,28,,,,,,,1,,,,,,
715,4,1,3,,1,1,1,4,3,2,5,,,,16,1,,1,11,,4,,3,,,,,,,,,,,,,
716,2,2,2,,4,5,4,12,3,7,,,,,22,,,2,28,3,3,2,,2,,,,,,,,,,,,
717,,1,1,,3,18,7,11,3,1,12,,,,19,,,7,22,3,5,,1,,1,,,,,,,,,,,
718,4,7,5,,2,8,14,5,3,1,2,,,,20,3,,2,23,12,3,,,,,,,,,,,,,,,
719,,,1,,,,1,,3,,1,,,,9,,,3,12,,,,,,,,,,,,,,,,,
720,18,5,7,,1,7,14,3,3,2,1,2,,1,30,2,,4,22,6,12,,9,,,,,,,,,,,,,
721,3,,4,,,8,3,4,3,,4,1,1,,18,3,,1,8,,8,1,,1,1,,,,,,,,,,,
722,1,1,3,,,16,1,3,3,1,1,,,,15,,,9,15,2,17,2,,1,,,,,,,,,,,,
723,1,3,3,,,3,7,1,3,2,3,,,,21,,,2,9,3,4,,5,,1,,,,,,,,,,,
724,4,,,,,6,4,3,3,2,,,,,8,,,2,9,1,7,1,1,1,,,,,,,,,,,,
725,3,1,3,,,3,2,4,3,,,,,,15,,,3,6,1,6,1,1,4,,,,,,,,,,,,
726,3,6,5,,2,1,14,7,3,2,6,,,,17,,,3,35,9,1,,,,,,,,,,,,,,,
727,8,11,4,,1,6,13,6,3,2,5,,1,1,24,3,,5,23,7,11,,1,3,,,,,,,,,,,,
728,6,1,9,,4,3,7,3,3,,,,,,39,,,5,35,3,6,,7,,,,,4,,,,,,,,1
729,13,20,1,,6,17,5,,3,2,1,,,,28,,,2,23,1,24,,2,3,,,,,,,,,,,,
730,1,8,5,,,36,5,,3,11,14,4,,,14,,,2,27,12,48,,1,,,,,,,,,,,,,
731,2,9,2,,1,21,9,1,3,1,1,,,,16,,,6,10,2,31,,2,,,,,1,,,,,,,,
732,7,1,7,,1,18,2,17,3,7,,,,,34,,,8,22,6,32,1,16,11,,,,,,,,,,,,
733,5,9,1,,,15,10,4,3,4,10,,4,,17,,,1,26,4,18,,1,1,,,1,,,,,,,,,
734,1,5,,,,21,7,2,3,2,2,1,,,48,,,5,42,7,27,,9,,,,,1,,,,,,,,
735,3,,3,,,11,6,6,3,1,10,5,1,,38,,,6,54,2,10,,4,2,,,,,,,,,,,,
736,12,2,5,,1,1,7,3,3,1,1,1,,,61,,,3,48,1,1,,1,,,,,,,,,1,,,,
737,5,2,6,,2,13,6,18,3,1,1,,,,35,,,1,21,3,19,1,8,1,,,,,,,,,,,,
738,,9,1,,,17,13,4,3,1,6,2,,,27,,,18,34,3,33,,2,7,,,,,,,,,,,,
739,9,10,28,,,23,7,2,3,,,1,9,,21,,,5,35,2,54,,2,11,,,,,,,,,,,,
740,26,2,7,,1,12,15,8,3,1,3,2,7,,15,,,7,17,20,17,,,2,,,,,,,,,,,,
741,6,2,6,,3,11,21,1,3,4,4,,,,55,,,2,15,3,9,,7,7,1,,,,,,,,,,,
742,18,2,1,,,16,20,10,3,3,,,,,51,9,,3,23,5,20,,4,,,,,,,,,,2,,,
743,1,1,4,,11,14,7,3,3,8,,,,,10,,1,3,39,1,26,,1,10,,,,,,,,,,,,
744,8,2,33,,4,3,5,8,3,12,9,,,1,53,2,,6,42,12,42,,2,,,1,,,,,,,,,,1
745,21,,19,,2,3,29,8,3,6,6,,,1,39,16,1,17,34,2,21,,,3,,,,,,,,,,,,
746,12,27,6,,1,8,8,7,3,1,1,,,1,35,,,19,45,8,5,,7,7,2,4,1,,,,,,,,,
747,6,6,3,,,30,15,2,3,,,,,,12,3,,8,14,9,31,1,8,,,,,1,,,,,,,,
748,2,1,,,,4,5,8,3,11,4,,,,26,,,,25,8,,,8,,,,3,,,,,,,,,
749,9,6,6,,,21,11,2,3,,3,,,,15,3,,12,12,6,28,1,8,,,,,1,,,,,,,,
750,25,1,19,1,5,50,65,17,4,7,6,3,3,1,72,2,,31,68,40,56,2,3,9,1,4,,2,,2,,,,,,
751,9,,10,,1,35,28,15,4,7,,4,,1,59,1,1,13,39,19,26,1,2,,,,,,,,,,,,,
752,25,1,19,1,5,50,65,17,4,7,6,3,3,1,72,2,,31,68,40,56,2,3,9,1,4,,2,,2,,,,,,
753,9,,10,,1,35,28,15,4,7,,4,,1,59,1,1,13,39,19,26,1,2,,,,,,,,,,,,,
754,17,2,31,,6,33,45,6,4,7,3,1,3,,94,,2,21,72,14,27,1,4,6,,2,,,,,,,,1,,
755,7,1,13,,9,19,48,18,4,13,,,,2,68,,,13,58,12,13,,6,2,,3,1,1,,1,,1,,,,
756,3,2,7,1,,14,20,10,4,1,4,,,,23,,,12,24,16,14,,,,,,,,,,,,,,,
757,7,4,7,,4,24,18,4,4,1,2,,,1,31,,,15,13,5,21,,,3,,,,,,1,,,,,,
758,8,1,3,,,16,11,1,4,2,,,,,15,,2,15,7,5,17,3,,1,,,,,,,,1,,,,
759,16,10,4,,5,18,16,2,4,10,,4,3,2,32,3,,6,27,10,22,,3,,,,,2,,,,,,,,
760,19,1,6,1,4,32,34,10,4,,1,1,8,,27,1,,18,24,16,40,,,4,1,1,,,,,,,,,,
761,14,,6,,8,7,7,1,4,,,19,,,20,,,12,11,,18,,,8,,,,,,,,,,,,
762,7,1,13,,5,22,24,8,4,4,,6,1,,43,1,,5,44,5,24,,3,2,,3,,,,,,2,,,,
763,11,2,9,1,1,22,34,7,4,5,2,2,1,2,82,1,,10,78,17,18,,19,2,,1,1,,,,,,,,,
764,23,1,32,,2,34,52,16,4,3,2,8,5,3,74,,,26,105,28,24,,4,4,,,1,1,,2,,,,,,
765,10,,49,,1,58,52,42,4,13,4,17,3,,128,3,,23,123,35,72,1,4,6,2,,,,,10,,,,,,
766,2,,5,,5,8,5,4,4,2,2,,1,,21,1,,4,16,1,6,,,1,,1,,,,,,1,,,,
767,22,2,15,,2,11,12,11,4,,1,2,9,1,34,,,8,16,8,19,2,3,14,,1,1,,,1,,,,,,
768,3,,10,,,8,20,4,4,3,,1,1,,47,,,10,43,7,6,,1,2,,,,,,2,,,,,,
769,25,1,19,1,5,50,65,17,4,7,6,3,3,1,72,2,,31,68,40,56,2,3,9,1,4,,2,,2,,,,,,
770,9,4,17,,7,31,35,11,4,4,2,6,3,4,91,,1,29,59,15,24,1,3,4,,2,,,,,,,,,,
771,11,,17,1,3,19,23,9,4,1,3,4,,4,57,2,1,11,48,12,29,,2,1,,2,,,,,,,,,,
772,14,1,12,,9,49,39,16,4,2,3,,,1,42,1,1,22,50,9,37,,7,1,10,,,,,,,,,,,
773,9,,10,,1,35,28,15,4,7,,4,,1,59,1,1,13,39,19,26,1,2,,,,,,,,,,,,,
774,19,,7,,,38,35,15,4,,3,3,2,,95,1,2,13,49,2,27,,,2,,2,,,,,,,,,,
775,11,1,18,2,5,44,42,17,4,6,3,8,,1,74,1,,26,51,36,37,1,2,2,1,3,1,2,,1,,1,,,,
776,11,23,9,2,,27,27,20,4,13,10,2,,1,78,,1,12,25,26,16,,2,4,2,1,,,,,,,,,,
777,17,16,12,,4,43,35,8,4,1,1,5,,1,116,,,8,54,26,35,1,,7,,,,,,,,,,,,
778,14,13,26,,8,37,43,26,4,11,4,7,,1,95,1,,28,64,31,39,,8,7,1,5,,2,,,,,,,,1
779,13,8,14,,,25,30,11,4,6,,14,2,7,81,,,13,76,15,14,2,1,,1,1,1,1,,,,,,,,
780,8,12,8,,1,14,21,4,4,2,,5,,4,48,4,,6,40,14,17,,,,,1,,,,,,4,,,,
781,8,4,28,,1,32,53,5,4,,1,1,2,16,57,1,,19,50,10,21,,4,3,3,,,,,,,,,,,
782,11,4,10,,5,51,19,18,4,7,1,1,,,37,2,,7,58,25,57,,2,2,1,,,,,1,,,,,,
783,14,,7,1,,14,20,3,4,5,1,,3,,33,,,18,35,10,27,,6,4,1,1,1,,,,,,,,,
784,13,,23,,5,14,25,4,4,,1,,,17,50,1,1,42,49,1,20,,,4,,,,1,,,,,,,,
785,14,15,9,,4,12,20,12,4,5,2,1,2,1,46,2,,13,38,8,16,,2,1,,,,1,,,,,,,,
786,14,,22,,,28,29,18,4,11,2,3,,,50,1,,7,35,18,36,2,,,,,,,,,,,,,,
787,23,,9,,4,19,16,12,4,7,7,,1,3,47,12,,15,31,10,23,2,2,4,,2,,2,,,,,,,,1
788,9,1,21,,2,17,27,6,4,5,6,15,1,1,101,,,14,91,12,18,1,5,1,,,,,,,,,,,,
789,12,12,28,,4,40,52,4,4,5,10,13,,11,137,,,12,117,22,41,4,2,,2,,,4,,1,,,,,,
790,9,,26,,3,54,94,22,4,9,2,26,1,5,290,,1,23,181,29,51,1,,4,3,1,,,,1,,,,1,,
791,29,,14,1,4,24,79,10,4,14,,4,,11,147,,,12,126,17,11,1,2,,,1,,,,,,,,,,
792,30,,31,,2,47,70,14,4,11,2,19,4,5,167,,,15,126,34,68,1,5,2,,,1,1,3,,,1,,,,
793,21,1,17,,5,32,114,26,4,12,2,10,2,,139,,,5,108,21,33,8,2,2,3,,,1,,2,,,,,,
794,4,15,7,,2,32,44,10,4,10,7,3,,6,74,1,,7,81,36,16,,2,3,,1,,,,,,1,,,,
795,6,22,13,,2,12,19,5,4,,4,5,1,,64,,,7,38,11,20,3,,,,,,1,,,,,,,,
796,8,1,13,,8,65,41,19,4,11,4,7,3,1,227,,,9,97,30,46,1,1,1,,,,,,,,,,,,
797,4,,15,,6,30,52,27,4,2,10,4,,3,204,,,17,86,25,16,,2,,,,,,,3,,,,,,
798,27,15,12,,4,51,55,30,4,7,2,4,2,5,158,8,2,42,110,41,43,,9,1,,,,,,,,,,,,
799,16,31,17,,5,29,34,17,4,4,4,5,4,4,110,2,12,42,44,12,55,,2,2,,,,1,,,,1,,,,
800,1,,7,,,22,15,2,4,22,3,3,,,105,,,12,28,12,25,,5,4,,1,1,,,,,,,,,
801,9,13,6,,8,21,32,5,4,2,3,9,3,,91,,,13,59,10,32,,,5,,,,1,,8,,,,,,
802,7,4,20,,5,58,36,11,4,2,9,3,,11,101,,,34,114,5,37,,5,3,,,,2,,,,,,,,
803,25,8,8,,6,30,34,15,4,1,4,2,,,88,,,14,50,5,29,2,,2,,,,,,1,,1,,,,
804,18,1,6,,1,35,18,5,4,5,2,2,6,6,38,3,2,11,32,7,41,6,,,,,,,,,,,,,,
805,13,,3,,3,31,6,11,4,7,4,4,,,57,,,,16,18,24,12,4,1,,,,,,,,,,,,
806,6,2,1,,4,15,41,4,4,,7,4,2,,36,,,10,45,30,12,,3,5,,,,,,2,,,,,,
807,,2,1,,,21,7,2,4,2,2,,,,21,,,2,14,1,23,,,4,,,,,,,,,,,,
808,13,4,22,,1,35,27,7,4,2,5,11,,3,71,3,,9,72,17,29,,,10,,,1,1,,1,,,,,,
809,35,11,33,,1,12,43,11,4,10,,2,1,7,102,,,10,50,24,31,1,,2,,,,,,,,,,,,
810,,,34,,5,10,16,4,4,13,2,3,,,39,,,27,34,3,32,1,3,2,,,,2,,,,,,,,
811,8,,4,,1,26,10,11,4,2,7,2,,,16,,,18,32,5,24,,,,,,,,,2,,,,,,
812,8,12,4,,3,14,14,3,4,,9,4,2,,38,,2,15,34,,11,3,1,2,1,,,,,6,,,,,,
813,3,1,11,,4,16,39,4,4,2,21,4,2,,77,,,,50,2,15,,4,1,,,,,,,,,,,,
814,3,,3,,3,25,20,42,4,,2,2,1,,24,,,13,29,9,25,1,2,,,,,,,9,,,,,,
815,15,2,18,,11,109,26,15,4,4,38,7,4,6,65,1,6,9,50,16,106,1,1,,1,,,,1,2,,,,,,
816,33,5,5,1,1,39,24,5,4,4,4,3,18,,45,,,16,48,6,55,,1,8,,,,,,1,,,,,,
817,12,61,5,,3,81,19,5,4,,,,,,45,1,,18,14,3,80,,,2,,,,,,,,,,,,
818,7,10,6,,10,16,28,4,4,2,4,8,2,,79,,,13,63,8,24,,,6,,,,1,,9,,,,,,
819,7,,15,,8,16,17,10,4,4,3,2,,1,51,,,11,28,9,20,1,2,2,,,,,,2,,1,,,,
820,19,,16,,1,36,37,1,4,1,,6,,,74,2,1,9,48,31,34,6,,7,,1,,,,,,,,,,
821,6,,9,,,36,20,8,4,4,3,2,2,,73,2,,7,87,14,26,1,1,2,,,,,,,,,,,,
822,21,11,11,,2,15,37,4,4,4,2,8,,,74,7,9,5,55,5,12,,,1,,1,,,2,,,,,,,
823,7,3,11,3,4,22,19,10,4,5,1,3,1,1,68,,1,12,58,3,23,,6,10,,,,,,,,,,,,
824,6,3,17,,3,27,26,15,4,3,2,6,,4,65,,,12,82,14,36,2,2,1,,,3,,,1,,,,,,
825,12,,17,,4,20,14,4,4,2,3,2,,,43,,1,15,43,5,24,,2,3,,,,,,,,,,,,
826,23,1,7,,6,28,28,8,4,5,,5,6,,67,1,5,12,49,9,23,,4,5,,,,,,,,,,,,
827,6,2,7,,2,14,12,6,4,3,1,3,1,1,33,,,8,13,6,15,,2,2,,,,,,1,,,,,,
828,8,11,11,,3,9,17,5,4,4,1,4,3,2,30,2,,7,27,8,15,,1,6,,,1,,,,,,,,,
829,15,8,9,,3,22,32,8,4,2,,2,,1,43,7,,15,36,3,24,2,2,2,,,,,,,,,,,,
830,4,6,19,,20,30,20,17,4,,1,2,2,,57,1,,20,53,15,40,,,6,,,,,,,,,,,,
831,21,,6,,4,35,22,10,4,1,,2,4,,48,12,,23,29,10,31,1,3,2,,,,,,,,,,,,
832,8,11,17,,5,19,33,3,4,2,,4,5,1,72,,,11,46,10,34,4,1,11,,,,,,,,,,,,
833,15,7,16,,7,22,13,4,4,,3,3,7,,26,7,,11,8,2,46,,,15,,,,,,,,,,,,
834,16,6,21,,3,19,25,8,4,1,6,2,10,,33,1,,24,26,3,31,,,,3,,,,,1,,1,,,,
835,5,3,42,,16,24,18,9,4,1,1,13,1,5,75,,,10,58,10,50,1,,,,3,,3,,,,1,,,,
836,8,11,11,,3,9,17,4,4,4,1,4,3,2,29,2,,7,24,8,15,,1,6,,,1,,,,,,,,,
837,27,4,6,,,2,14,6,4,,2,,2,,70,25,5,13,43,2,3,,,,,,,,,,,8,,,,
838,12,2,4,,6,32,21,7,4,2,,,3,1,45,,1,22,18,11,24,,1,2,6,1,,,,,,1,,,,
839,22,6,23,,1,20,45,8,4,4,6,6,2,7,69,,,15,51,21,15,1,,3,,,,1,,1,,,,,,
840,9,,17,,1,42,26,6,4,3,7,2,,,54,,4,3,45,14,24,,1,1,2,,,,,,,,,,,
841,6,7,36,,4,40,40,25,4,2,8,20,1,4,111,,,32,107,20,41,1,3,4,,,,,,1,,,,,,
842,19,17,40,,9,55,74,28,4,12,5,5,4,,168,,,25,149,39,52,2,3,16,3,1,,,,1,,,,,,
843,18,22,16,2,9,32,41,10,4,,8,10,7,3,100,1,,20,68,23,44,1,4,8,,2,,,,1,,,,,,
844,10,21,25,,2,33,30,14,4,3,,6,2,,89,,,17,56,30,54,,1,1,1,1,1,1,1,,,,,,,
845,13,9,30,,10,23,26,20,4,1,9,1,3,3,58,2,,24,82,23,30,,1,6,1,,,1,,,,,,,,
846,6,4,17,,2,46,38,16,4,2,5,6,,3,77,1,1,9,40,10,47,2,1,4,,,2,,,,,,,,,
847,10,1,26,,2,22,44,22,4,8,2,11,,2,78,,,23,59,15,40,,7,2,,1,,2,,,,,,,,
848,18,2,24,,1,40,53,12,4,4,5,2,,1,77,,,35,31,4,52,4,1,13,,,2,2,,,,1,,,,1
849,8,18,19,1,8,50,34,16,4,1,8,3,1,5,70,,,17,32,26,42,,6,1,,,,,,,,,,,,
850,7,11,8,,4,23,33,11,4,1,6,2,2,2,50,,,22,75,11,22,1,3,7,2,,1,,,,,1,,,,
851,33,10,23,,6,45,56,20,4,2,6,10,6,1,76,,,32,87,13,87,5,6,11,1,11,2,2,,1,,,,,,
852,11,5,8,,8,27,14,15,4,9,1,9,,,70,1,,21,28,7,34,2,,3,,2,,,,,,,,,,
853,12,12,19,3,6,26,32,14,4,9,2,4,2,,56,,,22,46,26,25,1,6,8,,1,,,,,,,,,,
854,12,10,18,,2,33,30,12,4,5,3,13,4,,65,3,,20,47,26,36,,3,3,,2,,,,,,,,,,
855,10,1,15,,9,41,41,24,4,13,5,7,2,4,67,,,20,49,24,34,1,7,8,7,2,1,,,5,,,,,,
856,14,13,7,,3,23,18,2,4,5,,,2,3,45,,3,8,21,15,14,,1,9,1,,,,,,,,,,,
857,22,4,16,,21,32,25,12,4,4,1,11,6,1,61,3,,23,70,9,45,1,1,3,,2,,,,,,,,,,
858,15,2,23,1,8,36,47,21,4,8,4,8,2,1,119,1,,25,71,19,43,,5,7,,1,1,3,,3,,,,,,
859,14,2,13,,4,51,47,10,4,6,1,12,3,1,75,2,10,22,78,26,28,4,3,7,,,2,,1,1,,,,,,
860,4,16,,,1,15,9,4,4,11,,4,,1,16,,,21,30,5,24,,12,,,,,,,,,1,,,,
861,13,19,8,2,2,44,22,16,4,3,3,8,2,1,61,2,,11,51,11,36,1,1,4,,1,,,,,,,,,,
862,12,,12,,2,20,20,13,4,4,1,5,6,1,39,,,29,50,9,36,2,1,1,,,,,,1,,,,,,
863,11,5,10,1,4,44,26,12,4,2,,5,3,,62,4,,9,62,11,30,1,,7,,,,,,1,,,,,,
864,13,6,38,1,1,65,46,13,4,9,3,8,3,14,70,1,,22,91,16,63,1,,1,1,,,3,,,,1,,,,
865,16,7,24,,3,40,32,38,4,10,6,6,1,2,95,1,,13,77,18,50,1,1,1,,4,,,1,1,,,,,,
866,8,6,16,,6,24,21,12,4,4,6,7,1,,68,1,,16,36,8,27,,1,4,,,1,1,,6,,,,,,
867,18,4,10,,7,42,51,11,4,5,,3,1,,76,,,9,61,13,47,,,6,,,,,,1,,,,,,
868,8,,1,,,11,2,2,4,,,,,,9,,,,13,2,11,,,1,,,,,,,,,,,,
869,8,,8,,2,52,28,9,4,2,3,4,,,28,3,,10,26,7,54,,1,4,,1,,,,,,,,,,
870,12,17,21,,6,37,25,17,4,3,16,8,3,,78,1,1,30,42,20,50,2,7,8,1,2,1,1,,,,1,,,,
871,11,,1,2,1,27,21,,5,5,3,1,,,71,1,1,6,21,3,28,,,7,,,,,,,,,,,,
872,9,5,16,1,1,13,24,8,5,,2,,1,5,35,,,11,13,5,13,,10,11,,,,1,,,,,,,,
873,4,1,6,,1,26,6,4,5,3,3,8,,1,11,,,5,15,1,22,,1,5,,,,,,,,,,,,
874,13,1,2,,4,22,24,5,5,20,17,5,4,7,43,5,,17,25,17,28,,1,2,,,,,,,,,,,,
875,3,5,20,,,17,9,3,5,,3,3,,3,12,,10,6,25,8,26,1,,4,,,,,,,,,,,,
876,4,7,4,,1,49,22,1,5,5,1,,,,38,,,6,34,24,11,,5,1,,1,,,,,,,,,,
877,4,3,3,,1,23,17,15,5,2,10,,,,53,3,,4,37,10,20,,,5,,,1,,,,,,,,,
878,11,,1,2,1,27,21,,5,5,3,1,,,62,1,1,6,30,3,28,,,7,,,,,,,,,,,,
879,18,1,2,8,1,29,19,1,5,4,1,11,2,,38,,,19,38,,32,1,,10,,9,,,,1,,,,,,
880,12,8,3,5,5,44,4,18,5,1,,,5,10,21,2,,15,45,5,19,,1,1,,6,,,,,,,,,,
881,11,,6,,1,29,2,13,5,3,3,6,3,,40,4,,12,40,5,24,,3,8,1,,,5,,,,,,,,
882,7,,5,,6,9,11,1,5,3,,,1,,14,,,22,17,9,13,3,,7,,,,,,,,,,,,
883,9,5,15,1,1,14,23,8,5,,2,,1,5,31,,,11,14,5,11,,10,11,,,,1,,,,,,,,
884,,1,13,,,5,36,2,5,,15,,,,24,,,44,8,9,1,,12,1,,,,,,,1,,,,,
885,26,2,10,,3,33,13,1,5,,1,2,2,,33,,,2,29,12,32,1,,8,4,1,,,,,,,,,,
886,7,6,5,,,26,8,7,5,1,2,4,,,14,,,14,74,11,7,,,,,,,,,,,,,,,
887,4,17,4,,,28,19,13,5,4,6,4,,,52,,,26,60,5,29,,,6,,17,,,,2,,1,,,,
888,30,,,,,11,12,13,5,,1,2,,,30,22,,18,40,8,9,,,1,,,,,,,,,,,,
889,53,6,2,,,25,14,6,5,4,2,2,,9,22,,,24,42,1,46,,3,1,,,,,,,,,,,,
890,16,3,8,,1,17,45,9,5,5,1,,2,2,146,10,1,11,51,9,22,2,4,4,,,,,,,1,,,,,
891,26,1,23,,4,7,27,24,5,5,1,4,20,4,122,,,28,83,4,6,,2,1,1,,,,,1,,,,,,
892,2,16,27,,3,7,18,10,5,,7,1,,2,42,1,1,34,50,16,6,,1,2,,,,,,,,,,,,
893,1,7,,,1,9,33,6,5,6,,,,,75,,,2,38,13,4,,2,,,,,1,,,,,,,,
894,15,4,11,,,9,30,4,5,3,4,1,2,,120,4,5,1,50,3,13,,2,2,,,,,,,,,,,,
895,21,,5,,,19,32,5,5,10,7,2,1,,65,2,,6,46,2,14,,1,6,,,,,,,,,,,,
896,23,3,8,,1,19,47,9,5,9,2,,4,2,153,12,2,10,74,8,22,1,4,3,,,,,,,,,,,,
897,39,2,6,,,33,37,9,5,7,1,2,1,,110,,,11,54,5,15,,1,4,,,,,,,,,,,,
898,4,,9,,,11,29,5,5,5,,,1,,95,8,,3,41,7,6,,1,1,,,,,,,,1,,,,
899,6,14,9,,,37,30,21,5,7,,,,,22,,,5,28,6,61,,6,5,,,,,,,,,,,,
900,6,16,8,,,24,38,25,5,8,,,,,41,,,4,43,8,36,,6,4,,,,,,,,,,,,
901,1,7,,,1,9,33,6,5,6,,,,,75,,,2,38,13,4,,2,,,,,1,,,,,,,,
902,1,1,5,,2,10,19,2,5,2,2,,,,45,,,5,24,6,6,,,2,,2,,,,1,,,,,,
903,14,,3,,1,23,31,9,5,31,1,,,,43,,,6,31,42,20,,,6,,,,,,,,,,,,1
904,10,2,2,,,11,21,1,5,8,,,,,55,,,3,46,5,10,,1,4,,,,3,,,,,,,,
905,5,2,7,,,11,12,4,5,,,4,2,,18,1,,22,22,4,10,2,,2,,,,,,,,,,,,
906,1,1,14,1,1,4,46,4,5,,,,,,90,,,,40,1,5,,2,,,,,,,,,,,,,
907,5,2,8,,1,8,26,7,5,,,,3,,32,,,5,9,18,10,1,7,3,1,,,,,,,,,,,
908,1,,,,,12,17,1,5,2,,,,,73,,,11,51,20,10,14,8,7,,,5,2,,,,,,,,
909,14,6,13,,3,6,21,6,5,6,,3,1,,41,1,3,22,57,10,1,,2,3,,,,,,,,,,,,
910,4,,9,,,11,29,5,5,5,,,1,,95,8,,3,41,7,6,,1,1,,,,,,,,1,,,,
911,26,3,34,,,9,57,4,5,1,2,1,2,,118,2,2,1,84,3,10,,12,2,,,,,,,,,,,,
912,,,8,,3,23,25,3,5,7,,,,,54,,,25,18,14,27,,,7,,,,1,,,,,,,1,
913,39,2,6,,,33,37,9,5,7,1,2,1,,110,,,11,54,5,15,,1,4,,,,,,,,,,,,
914,6,14,9,,,37,30,21,5,7,,,,,22,,,5,28,6,61,,6,5,,,,,,,,,,,,
915,14,,3,,1,23,31,9,5,31,1,,,,43,,,6,31,42,20,,,6,,,,,,,,,,,,1
916,20,2,2,,2,6,10,1,5,1,3,7,1,,29,1,,13,28,4,,,2,,,,,,,,,,,,,
917,1,3,3,,4,2,14,2,5,,5,5,,,23,,,17,33,2,3,,1,,,1,,,,,,,,,,
918,4,6,1,,4,4,23,6,5,8,2,6,,,38,,,9,20,11,4,1,1,1,,,,,,,,,,,,
919,,14,5,,3,13,25,4,5,1,1,7,,,57,,,2,27,4,12,,2,,,,,,,,,,,,,
920,1,14,10,,2,8,16,4,5,3,,8,,,23,,,6,21,18,7,2,,4,,,,,,,,,,,,
921,10,2,4,,1,12,10,5,5,,,8,8,,13,,,5,18,4,24,1,,2,,,,,,,,,,,,
922,2,3,11,,1,10,18,3,5,2,1,10,,,24,,,18,11,10,16,1,,3,,1,,1,,,,,,,,
923,6,7,2,,3,4,12,3,5,2,2,7,,,24,1,,3,36,6,,,1,2,,1,,,,,,,,,,
924,8,1,4,,,9,10,4,5,4,2,6,,,33,,,10,54,3,8,,2,,,1,,,,,,,,,,
925,21,7,1,,7,4,12,7,5,4,,4,3,,29,1,,2,25,5,12,,,6,,,2,,,,,1,,,,
926,15,2,1,,4,32,8,14,5,3,5,,2,,33,5,,1,12,15,18,,,,4,,,,,,,,,,,
927,,,5,,,,33,,5,1,,,,,27,,,,,,,,,,,,,,,,,,,,,
928,9,12,1,,,14,15,12,5,,3,5,2,,21,2,,7,17,8,19,,2,,,,,,,,,,,,,1
929,20,,11,,11,10,10,1,5,,,,,,20,,,,17,,10,,,,,,,,,,,,,,,
930,6,,2,,1,23,2,11,5,2,6,6,,,47,,2,12,40,4,21,3,,2,,8,,,,,,,,,,
931,5,,14,,,9,9,11,5,,6,2,2,,34,3,,2,72,2,11,3,2,6,,,,,,,,,,,,
932,17,,12,,2,37,48,18,5,6,18,7,,4,94,1,,14,76,13,18,,4,1,1,,,,,1,1,,,,,
933,31,1,14,,1,62,52,26,5,1,3,9,1,10,67,3,,24,71,12,83,,5,2,,2,,1,,2,,,,,,
934,4,,1,,,12,16,4,5,6,,1,,1,30,,,16,33,7,8,,,6,,,,,,1,,,,,,
935,2,,4,,2,30,12,,5,18,,,,,21,,,10,9,11,24,,,4,,,,,,,,,,,,
936,8,21,7,,,8,,4,5,4,,,3,9,28,4,,8,22,4,8,,30,2,,,,,,,,,,,,
937,1,8,8,,,7,14,,5,9,1,,,,30,,,3,25,15,25,,6,4,,,,,,,,,,,,
938,6,,12,,,9,13,3,5,,1,,,,10,,,,32,3,13,1,,2,,,1,,,,,,,,,
939,7,12,21,,4,5,29,11,5,1,6,2,3,,53,1,,15,23,18,4,1,,3,,2,,,,,,,,,,3
940,7,12,21,,4,5,29,11,5,1,6,2,3,,53,1,,15,23,18,4,1,,3,,2,,,,,,,,,,3
941,10,10,13,,8,6,36,7,5,2,2,,1,,74,,,14,31,8,4,10,7,2,,1,,,,1,,,,,,
942,5,1,7,,2,4,7,,5,,,,,,22,,,3,8,3,7,,,2,,,,,,,,,,,,3
943,5,1,7,,2,4,7,,5,,,,,,22,,,3,8,3,7,,,2,,,,,,,,,,,,3
944,8,21,7,,,8,,4,5,4,,,3,9,28,4,,8,22,4,8,,30,2,,,,,,,,,,,,
945,7,2,2,,,6,7,1,5,,3,,6,1,26,1,,4,16,4,7,,,,,,,,,,,,,,,
946,6,5,10,,2,18,17,15,5,5,3,1,,,54,1,,4,30,8,19,,1,4,,1,,,,,,2,,,,
947,1,1,1,,,4,7,2,5,6,,1,,,18,,,4,13,2,5,1,,2,,,,1,,,,,,,,
948,2,,1,,,1,5,3,5,,1,,,,46,,,3,29,1,2,,,,,,,,,,,,,,,
949,4,7,3,,,11,8,2,5,1,,,,2,7,,,2,9,2,7,1,1,,1,1,,,,,,,,,,
950,9,3,1,1,3,20,15,5,5,5,,,,5,30,4,,11,7,6,9,2,6,,,,,,,,,,,,,
951,,,,,,,35,,5,,,,,,19,,,,12,,,,,,,,,,,,,,,,,
952,4,2,11,,9,25,37,31,5,10,7,2,,1,115,1,,14,48,13,21,,2,,2,1,,,,,,,,,1,
953,14,10,6,,,25,44,7,5,6,3,,,,95,1,,9,72,33,12,6,2,5,,2,,,,,,3,,,,
954,5,7,3,,,14,37,6,5,5,,,,1,71,,,11,64,7,16,,3,1,,,,,,1,,,,,,
955,5,7,3,,,14,37,6,5,5,,,,1,71,,,11,64,7,16,,3,1,,,,,,1,,,,,,
956,31,8,3,,,20,26,7,5,4,2,,,1,44,2,,12,67,6,49,,3,1,,,,,,,,,,,,
957,5,3,2,,,3,22,1,5,3,1,,,,36,3,,2,36,4,2,,1,1,,,,,,3,,,,,,1
958,12,2,1,,2,18,24,1,5,1,3,,,2,25,1,,5,11,13,11,,1,2,1,,,1,,,,,,,,
959,3,7,12,,2,18,25,11,5,3,6,1,,,54,,,3,19,11,17,,1,2,,1,,,,,,,,,,
960,5,1,2,,,11,5,3,5,2,,1,,,25,1,,1,33,4,2,,1,,,,,,,,,,,,,
961,3,,5,,1,13,16,6,5,3,9,,,,30,,,52,48,9,5,2,1,,,,,,,,,,,,,
962,12,15,23,,,4,14,13,5,9,,2,3,1,48,1,,16,65,4,26,1,,,1,,,,,,,,,,,
963,13,6,6,,1,15,21,8,5,3,,5,10,3,35,,,12,38,8,16,,1,3,,,,,,,,,,,,
964,13,14,6,,,11,9,14,5,2,2,5,,,17,2,,7,18,2,21,,,6,,,,,,,,,,,,
965,11,7,6,,2,28,36,14,5,1,1,2,2,,74,3,29,15,82,5,16,7,1,2,,,,,,1,,,,,,
966,11,9,11,,3,23,26,4,5,3,3,4,,,65,,,17,46,10,19,,1,2,,2,,1,,,1,,,,,
967,11,9,11,,3,23,26,5,5,3,3,4,,,65,,,17,48,10,19,,1,2,,2,,1,,,1,,,,,
968,20,16,16,,4,33,38,7,5,5,6,5,4,,73,1,,15,56,15,38,5,4,2,2,1,,,,,,,,,,
969,5,4,1,,,3,15,1,5,2,,14,1,1,46,,,3,38,21,5,,,1,,,,,,,,,,,,
970,14,,,,4,8,7,2,5,,14,2,,,36,,7,8,40,,3,2,2,2,,,,,,,,,,,,
971,,,,,,22,5,5,5,,2,,,,18,,,,13,1,22,,,,,,,,,,,,,,,
972,9,5,5,1,12,30,16,4,5,2,2,1,3,1,18,,,31,19,3,33,5,1,3,,,,,,,,,,,,
973,28,,7,,2,5,14,3,5,4,2,,3,2,28,,,22,43,5,7,,2,,,1,,,,,,,,,,
974,3,5,8,1,3,8,10,9,5,2,,2,2,1,13,,1,8,24,2,15,,1,3,,2,,,,,,,,,,
975,2,20,,,,10,8,21,5,,1,2,2,,40,,,3,34,13,14,,,,4,2,,,1,,1,,,,,
976,1,,10,,,7,9,1,5,1,3,2,,,15,,,1,12,7,12,1,2,2,,,,,,,,,,,,
977,1,,4,,,17,36,2,5,3,,1,,,56,,,8,17,7,,,,,,,,,,3,,,,,,
978,1,3,3,,,7,12,2,5,7,,6,,,20,,,50,55,14,7,,,,,,,,,,,,,,,
979,6,11,4,,1,17,33,8,5,5,2,3,,5,75,1,,9,55,4,12,,,2,,1,,,,,,,,,,
980,,,,,,,,5,5,,,3,,,26,,,,9,1,,,,,,,,,,,,,,,,
981,12,1,3,,1,11,12,10,5,,,,3,,32,,,3,26,2,7,1,,1,1,,,,,,,,,,,
982,4,4,5,,3,8,9,8,5,1,3,,,,31,1,,5,32,8,8,5,4,1,,1,,,,,,,,,,
983,2,3,2,,1,6,18,8,5,3,,2,,5,44,,,5,32,4,5,,,,,2,,,,,,,,,,
984,6,5,11,,5,15,12,10,5,3,2,6,1,,62,2,,5,70,8,13,,,1,,1,,4,,1,,,,,,
985,6,,5,,1,12,8,5,5,2,3,2,1,,32,,1,5,17,4,7,,1,1,,,,,,,,,,1,,
986,13,9,4,,3,13,13,9,5,1,,27,,3,51,1,,4,37,7,14,,1,2,,1,,,,,,,,,,
987,6,1,10,,,9,12,7,5,2,1,3,,,66,,,6,35,7,7,1,,,,,,,,,,,,,,
988,38,4,3,6,2,9,19,14,5,3,1,4,10,,29,7,2,12,27,2,10,1,3,,,1,,,,,,,,,,
989,4,2,12,,11,11,8,2,5,2,1,2,1,,26,,,5,62,2,8,1,1,4,,,,,,,,,,,,
990,10,9,3,,4,9,19,2,5,3,3,2,,2,46,,,1,24,12,2,,5,6,,,,2,,,,,,,,
991,6,,2,,,9,1,,5,,,4,,,13,,3,1,8,2,10,,2,,,,,,,,,,,,,
992,7,34,7,1,3,18,14,14,5,3,4,8,,,17,2,,14,36,6,15,,3,4,,1,,,,,,,,,,
993,3,,3,,1,8,13,8,5,,,,,1,36,1,,5,23,13,5,1,4,8,,1,,,,,,,,,,
994,7,6,3,,2,14,15,1,5,2,2,2,2,1,55,1,6,3,48,,13,,,2,,,,1,,,,,,,,
995,16,12,6,,4,12,14,4,5,4,2,4,,6,36,,,26,40,8,14,,4,2,,,,,,,,,,,,
996,1,2,18,,2,7,,5,5,,,4,1,,41,,,1,30,3,23,1,,8,,1,,,,,,,,,,
997,4,2,7,,8,34,11,1,5,1,,,1,1,16,1,1,29,5,1,39,2,1,9,,,,,,,,,,,,
998,5,5,8,,1,5,3,9,5,,,10,,,23,2,,1,19,1,5,,,1,,,,,,,,,,,,
999,15,,6,,1,7,8,3,5,4,3,1,,1,43,3,,10,20,7,7,1,1,5,,,,,,,,,,,,
1000,21,6,4,,7,8,2,72,5,,,4,2,2,17,,,6,32,6,27,2,,,,,,,,,,,,,,
1001,8,14,15,,3,38,34,11,1,2,6,9,3,,94,1,,14,45,22,28,,2,15,,,1,,,,,,,,,
1002,6,9,14,,7,19,20,,1,3,1,7,,2,42,,,7,22,18,21,2,3,11,,2,,,,,,,,,,
1003,18,3,5,,3,21,22,10,1,,1,2,12,1,23,,,15,19,7,26,,,3,,1,,,,,,,,,,
1004,15,13,4,1,14,25,29,29,1,2,2,1,2,,110,,,13,72,10,11,,2,10,,,,1,,,,,,,,
1005,6,14,13,1,,12,25,2,1,1,1,,,,28,1,,8,18,10,23,2,,4,,1,,,,,,,,,,
1006,7,9,31,,2,11,26,7,1,1,1,2,1,,63,,,15,49,7,25,,2,6,,1,,,,,,,,,,
1007,2,6,7,,,22,9,6,1,1,,4,1,,31,,,6,17,7,19,,,8,,6,,,,,,,,,,
1008,17,22,10,,5,34,53,2,1,12,3,3,1,,80,5,,25,34,24,28,1,1,10,,,,1,,,,,,,,
1009,2,6,12,1,2,34,27,17,1,7,9,2,,,64,,4,5,34,23,25,,1,6,,,,1,,,,,,,,
1010,14,13,9,,5,18,14,7,1,6,4,,6,,99,,,9,28,15,22,,2,19,,,,,,,,,,,,
1011,9,7,12,,,9,3,9,1,,1,1,3,,29,,,6,19,6,18,,4,,,1,,1,,,,,,,,
1012,1,4,18,,3,13,8,1,1,4,4,,,1,41,,1,11,23,13,12,2,1,3,,,1,,,,,,,,,
1013,9,10,9,,2,7,16,8,1,2,,1,2,1,44,,,7,54,10,10,,1,1,,,,,,4,,,,,,
1014,13,7,14,1,,22,12,8,1,1,1,,7,2,49,,,26,97,23,30,,2,13,,1,,,,1,,,,,,
1015,7,6,20,,3,9,14,8,1,2,1,8,1,3,48,3,,2,39,8,35,1,,6,,,,,,,,,,,,
1016,12,1,15,,2,16,18,8,1,3,,,2,1,46,,,12,19,14,24,,1,9,1,,,,,,,,,,,
1017,3,2,12,,1,12,22,1,1,1,1,3,,,28,,,11,28,19,11,,4,,,,,,,,,,,,,
1018,4,13,3,,3,17,25,13,1,7,1,2,2,,68,3,,16,28,18,18,,5,2,4,,,,,,,,,,,
1019,16,,6,,,21,27,17,1,3,6,2,3,1,57,3,,8,14,5,22,6,10,8,,3,,,,,,,,,,
1020,6,,10,,1,43,14,6,1,,,2,,,36,,,9,18,6,32,1,,4,,,,9,,,,,,,,
1021,7,5,10,,,41,9,7,1,11,5,4,5,,25,,,13,18,15,43,,3,5,1,,1,,,,,2,,,,
1022,3,11,14,,4,7,3,2,1,3,3,32,1,1,74,,,5,24,4,18,2,4,3,,,,,,,,,,,,
1023,1,13,1,,1,20,20,5,1,1,,2,,,46,,,5,9,14,11,6,1,6,2,,,20,,,,,,,,1
1024,6,1,21,,8,6,16,5,1,8,4,16,,1,27,3,,14,26,17,17,,,1,,,3,,,,,,,,,
1025,12,8,1,,1,13,20,3,1,,1,2,,,25,3,,10,7,5,12,,3,3,,,,,,,,,,,,
1026,1,9,5,,2,26,15,9,1,,3,2,,,39,,,14,27,9,27,,,13,,,,2,,,,,,,,
1027,2,5,5,,,9,8,1,1,7,1,1,,,19,2,,6,35,8,11,,1,2,1,,,,,,,,,,,1
1028,16,4,5,,14,30,37,19,1,1,3,2,,1,74,3,,16,27,8,32,,2,6,3,,,2,,,,,,,,
1029,16,1,2,,9,7,5,4,1,1,,,,,31,,,7,10,6,6,,,5,17,,,,,,,,,,,
1030,40,1,,,,5,1,1,1,1,,4,11,,5,12,,1,13,5,15,,,5,8,,,,,,,,,,,
1031,7,3,7,,3,28,23,2,1,6,6,2,2,1,28,,,14,19,7,28,,2,9,,,,,,,,,,,,
1032,30,9,22,,,27,38,6,1,3,3,16,1,,25,26,,11,59,1,47,,,3,,1,,1,,2,,,,,,
1033,1,12,9,,,15,19,13,1,1,1,5,,,34,,,6,28,15,14,,1,13,2,3,,,,,,,,,,
1034,7,1,3,,,1,12,3,1,2,13,1,2,4,19,,,5,3,1,2,,,1,1,,,,,,,,,,,1
1035,11,4,7,,,8,7,1,1,1,,2,2,3,14,,,12,24,7,9,,2,1,,,,,,,,,,,,
1036,4,8,2,,1,8,12,3,1,2,3,3,,,9,,,9,31,5,8,,,2,,,,,,,,,,,,
1037,6,3,10,,,22,6,10,1,2,,2,3,,37,,,4,27,14,27,3,10,4,,1,2,,,,,,,,,
1038,2,1,11,,2,24,34,13,1,2,2,5,,1,175,,,21,80,2,30,,3,10,,,,,,,,,,,,
1039,6,17,3,,1,36,18,7,1,1,5,3,,,12,,,8,25,4,36,,,3,,,1,,,,,,,,,
1040,18,1,13,,1,14,6,3,1,6,8,21,7,1,50,,1,13,28,3,29,,1,6,,,,,,,,,,,,
1041,5,10,,,,8,7,4,1,3,30,5,,,19,,,14,19,1,9,1,1,1,,,,,,,,,,,,8
1042,3,5,3,,,24,15,33,1,4,2,2,2,1,28,,,25,39,5,13,,2,,,,,,,,,,,,,
1043,4,10,,,,22,4,2,1,3,2,2,,2,25,,,2,38,7,26,,3,5,,,,,,,,,,,,
1044,5,3,7,,,5,12,9,1,,2,2,,,43,2,,18,19,,12,,,9,,1,,,,,,,,,,